Ticket_ID,Customer_ID,Industry,Region,Plan_Type,AI_Model_Version,Ticket_Category,Ticket_Created_Date,AI_Resolution_Status,AI_Resolution_Hours,AI_Confidence_Score,Genuine_Resolution_Flag,CSAT_Score,NPS_Score,NPS_Category,Reopen_Count,Followup_Contacts,Escalated_to_Human,Customer_Tenure_Months,Previous_Tickets,Contract_Monthly_Value_USD,Churned,Churn_Days_After_Ticket,Churn_Window,Revenue_Lost_Annual_USD
TKT-0001,CUST-0058,E-Commerce,North America,Pro,v2.0,Technical,2024-11-02,Successfully Resolved,2.3,78.5,0,2.7,3,Detractor,1,5,0,57,5,206.3,1,88,61-90 Days,2475.6
TKT-0002,CUST-0013,Retail,Europe,Pro,v2.0,Billing,2024-12-05,Successfully Resolved,2.4,79.8,1,4.1,3,Detractor,0,1,0,3,4,228.91,0,85,No Churn,0.0
TKT-0003,CUST-0141,Finance,Middle East,Basic,v1.0,Integration,2023-01-06,Successfully Resolved,9.4,87.2,0,2.2,4,Detractor,1,0,1,1,3,54.29,1,1,0-30 Days,651.48
TKT-0004,CUST-0126,Healthcare,Asia-Pacific,Enterprise,v1.5,Technical,2023-04-20,Successfully Resolved,2.5,57.4,1,4.2,5,Detractor,1,1,1,1,2,739.45,0,56,No Churn,0.0
TKT-0005,CUST-0115,SaaS,Asia-Pacific,Pro,v1.5,Technical,2024-03-11,Successfully Resolved,4.9,81.4,1,3.1,7,Passive,1,0,1,39,4,196.96,0,14,No Churn,0.0
TKT-0006,CUST-0072,SaaS,Asia-Pacific,Basic,v1.5,Feature Request,2023-08-13,Successfully Resolved,2.6,87.7,1,4.3,7,Passive,0,1,0,21,2,50.36,0,68,No Churn,0.0
TKT-0007,CUST-0053,SaaS,Asia-Pacific,Enterprise,v2.0,Technical,2023-06-30,Successfully Resolved,0.5,74.8,1,3.8,9,Promoter,0,1,0,45,3,905.72,0,90,No Churn,0.0
TKT-0008,CUST-0280,Retail,Asia-Pacific,Enterprise,v2.0,Onboarding,2024-12-13,Successfully Resolved,9.3,91.3,1,3.2,6,Detractor,0,3,0,30,5,913.81,1,7,0-30 Days,10965.72
TKT-0009,CUST-0045,Healthcare,North America,Enterprise,v2.0,Billing,2024-06-14,Successfully Resolved,5.3,85.7,1,3.8,8,Passive,0,0,0,32,6,933.55,0,90,No Churn,0.0
TKT-0010,CUST-0217,Finance,Europe,Pro,v2.5,Integration,2024-04-20,Successfully Resolved,7.3,99.0,1,3.8,9,Promoter,0,0,0,33,2,204.62,1,49,31-60 Days,2455.44
TKT-0011,CUST-0017,SaaS,North America,Pro,v2.5,Performance,2023-02-21,Successfully Resolved,1.1,69.0,1,4.7,7,Passive,1,0,1,48,4,217.51,1,7,0-30 Days,2610.12
TKT-0012,CUST-0016,Retail,Middle East,Pro,v2.0,Onboarding,2024-07-24,Successfully Resolved,3.2,88.0,1,3.5,8,Passive,0,1,0,22,2,176.94,0,30,No Churn,0.0
TKT-0013,CUST-0048,Finance,Middle East,Enterprise,v2.5,Performance,2023-09-13,Successfully Resolved,8.8,65.8,0,2.2,3,Detractor,1,2,1,30,2,837.23,1,11,0-30 Days,10046.76
TKT-0014,CUST-0112,SaaS,North America,Enterprise,v1.0,Billing,2023-05-05,Successfully Resolved,1.5,58.6,1,4.2,7,Passive,1,3,0,54,1,748.7,1,66,61-90 Days,8984.4
TKT-0015,CUST-0120,SaaS,Asia-Pacific,Basic,v1.5,Technical,2024-04-12,Successfully Resolved,7.0,53.6,0,1.9,2,Detractor,1,1,1,46,3,49.05,1,3,0-30 Days,588.6
TKT-0016,CUST-0259,SaaS,Middle East,Basic,v1.0,Onboarding,2023-05-17,Successfully Resolved,4.9,84.5,0,2.8,9,Promoter,1,1,0,4,4,52.52,1,31,31-60 Days,630.24
TKT-0017,CUST-0014,E-Commerce,North America,Pro,v2.0,Onboarding,2024-04-20,Successfully Resolved,2.7,80.2,0,1.3,7,Passive,0,4,0,23,1,187.05,1,26,0-30 Days,2244.6
TKT-0018,CUST-0288,E-Commerce,Europe,Enterprise,v2.5,Technical,2024-11-14,Successfully Resolved,2.5,72.3,0,2.1,7,Passive,2,1,0,55,3,693.74,1,5,0-30 Days,8324.88
TKT-0019,CUST-0102,E-Commerce,Middle East,Enterprise,v1.5,Technical,2024-06-27,Successfully Resolved,2.0,56.7,1,3.9,10,Promoter,0,0,0,44,6,682.01,0,90,No Churn,0.0
TKT-0020,CUST-0280,SaaS,North America,Basic,v2.5,Billing,2024-07-26,Successfully Resolved,5.2,69.7,0,1.8,3,Detractor,0,1,0,25,5,42.03,0,15,No Churn,0.0
TKT-0021,CUST-0215,Healthcare,Asia-Pacific,Pro,v1.0,Technical,2024-09-01,Successfully Resolved,5.7,78.0,0,1.2,2,Detractor,0,1,1,12,1,169.73,1,28,0-30 Days,2036.76
TKT-0022,CUST-0113,SaaS,North America,Pro,v2.5,Billing,2023-11-21,Successfully Resolved,3.7,87.5,1,3.7,7,Passive,0,0,0,17,9,176.84,1,42,31-60 Days,2122.08
TKT-0023,CUST-0230,SaaS,Middle East,Enterprise,v1.5,Feature Request,2024-03-29,Successfully Resolved,1.9,77.8,1,3.9,8,Passive,1,0,0,53,2,746.12,1,27,0-30 Days,8953.44
TKT-0024,CUST-0143,E-Commerce,Middle East,Enterprise,v1.0,Technical,2024-09-19,Successfully Resolved,6.9,81.0,1,3.5,7,Passive,0,0,0,15,0,741.01,0,90,No Churn,0.0
TKT-0025,CUST-0004,E-Commerce,Middle East,Enterprise,v2.0,Billing,2024-05-31,Successfully Resolved,9.4,73.5,0,2.0,0,Detractor,2,1,1,10,2,955.11,1,47,31-60 Days,11461.32
TKT-0026,CUST-0082,Finance,Europe,Pro,v1.5,Onboarding,2024-03-12,Successfully Resolved,7.8,99.0,0,3.5,6,Detractor,1,4,0,35,3,190.46,0,17,No Churn,0.0
TKT-0027,CUST-0217,SaaS,Middle East,Pro,v1.5,Onboarding,2024-07-15,Successfully Resolved,18.0,65.8,1,3.8,5,Detractor,0,0,0,55,1,178.02,0,37,No Churn,0.0
TKT-0028,CUST-0175,E-Commerce,Asia-Pacific,Basic,v1.5,Integration,2024-04-01,Successfully Resolved,4.3,69.6,1,3.9,7,Passive,2,0,0,52,3,51.01,1,90,61-90 Days,612.12
TKT-0029,CUST-0143,Healthcare,North America,Basic,v2.5,Onboarding,2023-06-12,Successfully Resolved,12.4,72.1,1,4.3,10,Promoter,1,0,0,52,3,56.36,1,90,61-90 Days,676.32
TKT-0030,CUST-0080,SaaS,Asia-Pacific,Enterprise,v2.0,Technical,2024-05-01,Successfully Resolved,2.9,84.5,1,3.6,8,Passive,0,0,0,29,1,868.77,0,28,No Churn,0.0
TKT-0031,CUST-0111,Healthcare,North America,Enterprise,v1.5,Integration,2024-04-05,Successfully Resolved,2.5,65.5,0,2.4,6,Detractor,1,2,1,12,2,761.95,1,14,0-30 Days,9143.4
TKT-0032,CUST-0173,SaaS,Europe,Enterprise,v2.0,Onboarding,2023-09-23,Successfully Resolved,5.5,79.6,1,4.4,8,Passive,0,0,0,1,2,836.21,1,37,31-60 Days,10034.52
TKT-0033,CUST-0053,SaaS,North America,Enterprise,v2.0,Billing,2023-09-11,Successfully Resolved,14.3,80.0,1,3.8,6,Detractor,1,1,0,1,1,879.06,1,46,31-60 Days,10548.72
TKT-0034,CUST-0048,Retail,North America,Pro,v1.5,Onboarding,2024-10-14,Successfully Resolved,4.0,69.7,1,3.6,9,Promoter,0,0,0,10,6,219.86,1,14,0-30 Days,2638.32
TKT-0035,CUST-0195,Retail,North America,Enterprise,v2.0,Performance,2023-10-11,Successfully Resolved,1.1,82.0,0,3.9,4,Detractor,0,2,1,18,5,865.55,1,16,0-30 Days,10386.6
TKT-0036,CUST-0050,Finance,Asia-Pacific,Enterprise,v1.0,Technical,2024-06-17,Successfully Resolved,9.3,65.9,1,4.0,5,Detractor,0,1,0,47,3,922.67,0,36,No Churn,0.0
TKT-0037,CUST-0184,E-Commerce,North America,Enterprise,v1.5,Technical,2024-05-11,Successfully Resolved,4.7,64.6,0,2.6,2,Detractor,1,5,1,2,6,922.47,1,31,31-60 Days,11069.64
TKT-0038,CUST-0177,SaaS,Asia-Pacific,Basic,v2.0,Billing,2024-10-03,Successfully Resolved,6.2,79.2,1,5.0,8,Passive,0,0,0,49,2,51.58,1,6,0-30 Days,618.96
TKT-0039,CUST-0136,Healthcare,North America,Pro,v1.5,Billing,2023-09-02,Successfully Resolved,2.6,58.1,1,4.1,10,Promoter,0,0,0,8,3,199.09,1,15,0-30 Days,2389.08
TKT-0040,CUST-0023,E-Commerce,North America,Basic,v2.0,Technical,2023-10-09,Successfully Resolved,5.5,52.3,1,3.7,6,Detractor,0,0,1,22,4,52.65,0,90,No Churn,0.0
TKT-0041,CUST-0236,SaaS,Europe,Enterprise,v2.0,Onboarding,2024-03-26,Successfully Resolved,1.2,84.4,1,3.6,6,Detractor,0,0,0,22,5,907.96,1,20,0-30 Days,10895.52
TKT-0042,CUST-0275,E-Commerce,Asia-Pacific,Pro,v1.0,Billing,2023-03-21,Successfully Resolved,16.3,90.6,1,3.6,8,Passive,0,0,0,26,1,169.54,0,10,No Churn,0.0
TKT-0043,CUST-0064,SaaS,North America,Basic,v2.0,Performance,2024-12-31,Successfully Resolved,10.5,72.4,0,2.4,2,Detractor,1,2,0,26,3,58.66,1,80,61-90 Days,703.92
TKT-0044,CUST-0194,Retail,Europe,Pro,v1.5,Integration,2023-10-20,Successfully Resolved,5.3,70.0,0,2.3,9,Promoter,1,0,1,9,1,181.89,1,3,0-30 Days,2182.68
TKT-0045,CUST-0041,SaaS,Middle East,Pro,v2.5,Onboarding,2023-08-29,Successfully Resolved,9.1,90.1,0,2.4,3,Detractor,2,1,0,21,4,201.9,1,46,31-60 Days,2422.8
TKT-0046,CUST-0283,Healthcare,Europe,Pro,v2.0,Integration,2023-10-06,Successfully Resolved,2.9,64.3,1,4.4,7,Passive,0,0,0,31,4,229.89,0,21,No Churn,0.0
TKT-0047,CUST-0151,E-Commerce,North America,Basic,v2.5,Billing,2023-12-10,Successfully Resolved,10.1,61.6,0,2.3,3,Detractor,0,1,0,52,3,45.51,1,11,0-30 Days,546.12
TKT-0048,CUST-0186,E-Commerce,North America,Pro,v2.0,Technical,2023-11-24,Successfully Resolved,3.8,86.5,1,3.8,9,Promoter,0,1,0,43,2,202.36,0,44,No Churn,0.0
TKT-0049,CUST-0296,E-Commerce,Middle East,Pro,v1.0,Onboarding,2024-07-07,Successfully Resolved,3.6,78.1,1,3.6,10,Promoter,1,0,0,6,2,178.38,0,24,No Churn,0.0
TKT-0050,CUST-0099,SaaS,North America,Enterprise,v2.0,Integration,2023-03-24,Successfully Resolved,2.1,90.8,1,5.0,6,Detractor,1,0,0,56,0,789.63,0,32,No Churn,0.0
TKT-0051,CUST-0036,Retail,Middle East,Pro,v2.5,Integration,2023-05-22,Successfully Resolved,6.8,52.3,1,4.1,9,Promoter,1,0,0,14,3,181.49,0,90,No Churn,0.0
TKT-0052,CUST-0024,Finance,Europe,Enterprise,v2.0,Technical,2023-06-04,Successfully Resolved,5.1,61.2,0,2.0,2,Detractor,3,3,1,33,2,780.84,1,51,31-60 Days,9370.08
TKT-0053,CUST-0117,Retail,Middle East,Pro,v2.5,Performance,2023-08-25,Successfully Resolved,12.7,78.2,1,4.9,9,Promoter,1,0,0,7,7,195.16,1,16,0-30 Days,2341.92
TKT-0054,CUST-0149,Retail,Asia-Pacific,Pro,v2.5,Billing,2024-01-28,Successfully Resolved,1.9,83.0,1,4.2,10,Promoter,0,0,0,24,0,238.32,0,15,No Churn,0.0
TKT-0055,CUST-0041,Healthcare,Middle East,Enterprise,v1.5,Integration,2024-12-11,Successfully Resolved,6.8,88.2,1,3.4,10,Promoter,0,1,0,9,0,957.35,0,33,No Churn,0.0
TKT-0056,CUST-0120,Retail,North America,Pro,v1.5,Performance,2023-06-06,Successfully Resolved,11.2,80.1,1,4.0,8,Passive,0,2,0,11,5,177.14,0,78,No Churn,0.0
TKT-0057,CUST-0052,SaaS,Asia-Pacific,Basic,v2.0,Billing,2024-12-24,Successfully Resolved,5.8,80.0,1,3.7,6,Detractor,1,1,0,56,1,54.1,0,12,No Churn,0.0
TKT-0058,CUST-0195,SaaS,Europe,Basic,v2.0,Feature Request,2023-08-08,Successfully Resolved,3.8,73.3,1,3.8,8,Passive,0,1,0,23,5,42.54,0,67,No Churn,0.0
TKT-0059,CUST-0143,SaaS,Europe,Enterprise,v2.5,Billing,2023-03-07,Successfully Resolved,5.7,97.1,0,2.1,4,Detractor,0,4,1,48,6,687.59,1,59,31-60 Days,8251.08
TKT-0060,CUST-0233,E-Commerce,Europe,Pro,v2.5,Technical,2024-02-29,Successfully Resolved,12.0,64.8,0,2.6,4,Detractor,0,1,0,51,4,176.49,1,22,0-30 Days,2117.88
TKT-0061,CUST-0187,E-Commerce,Middle East,Pro,v1.5,Onboarding,2024-02-22,Successfully Resolved,12.0,82.3,1,4.3,8,Passive,0,1,0,2,3,236.4,1,82,61-90 Days,2836.8
TKT-0062,CUST-0084,SaaS,Middle East,Basic,v1.5,Onboarding,2023-12-05,Successfully Resolved,4.6,66.1,1,4.4,7,Passive,0,0,0,15,3,57.79,0,22,No Churn,0.0
TKT-0063,CUST-0190,Finance,Asia-Pacific,Basic,v2.5,Performance,2024-07-09,Successfully Resolved,11.9,84.4,1,4.0,9,Promoter,0,0,0,35,3,44.98,0,45,No Churn,0.0
TKT-0064,CUST-0182,E-Commerce,Europe,Basic,v1.5,Feature Request,2024-04-22,Successfully Resolved,4.9,65.6,0,3.7,6,Detractor,0,5,1,36,1,44.42,1,52,31-60 Days,533.04
TKT-0065,CUST-0108,SaaS,Europe,Pro,v2.5,Technical,2024-03-01,Successfully Resolved,9.0,86.9,1,3.8,7,Passive,1,0,0,52,1,185.9,0,74,No Churn,0.0
TKT-0066,CUST-0137,E-Commerce,Asia-Pacific,Pro,v2.0,Integration,2023-03-05,Successfully Resolved,7.4,79.3,1,4.9,8,Passive,0,0,0,54,0,205.06,0,2,No Churn,0.0
TKT-0067,CUST-0037,SaaS,North America,Pro,v2.0,Performance,2023-07-31,Successfully Resolved,3.6,98.9,1,3.8,10,Promoter,0,0,0,28,5,208.83,0,90,No Churn,0.0
TKT-0068,CUST-0088,Finance,North America,Pro,v1.0,Billing,2024-03-06,Successfully Resolved,2.2,74.6,1,4.8,7,Passive,0,0,1,39,4,184.58,1,12,0-30 Days,2214.96
TKT-0069,CUST-0274,SaaS,North America,Enterprise,v2.0,Performance,2024-02-03,Successfully Resolved,11.4,83.1,1,3.2,8,Passive,1,0,0,44,3,890.74,1,90,61-90 Days,10688.88
TKT-0070,CUST-0126,Retail,North America,Basic,v2.0,Billing,2024-08-21,Successfully Resolved,13.5,68.6,0,3.6,3,Detractor,4,3,1,4,3,46.96,1,28,0-30 Days,563.52
TKT-0071,CUST-0084,Finance,North America,Pro,v2.0,Integration,2024-12-13,Successfully Resolved,6.7,74.5,1,3.9,8,Passive,1,0,0,10,4,233.38,0,70,No Churn,0.0
TKT-0072,CUST-0237,SaaS,North America,Enterprise,v1.5,Technical,2023-01-21,Successfully Resolved,4.9,79.3,1,4.3,8,Passive,0,1,0,6,3,862.8,0,21,No Churn,0.0
TKT-0073,CUST-0195,SaaS,North America,Pro,v2.0,Billing,2024-08-12,Successfully Resolved,1.7,59.7,0,4.2,5,Detractor,2,4,0,57,3,199.54,1,62,61-90 Days,2394.48
TKT-0074,CUST-0139,Finance,North America,Pro,v2.5,Technical,2024-01-25,Successfully Resolved,11.2,61.0,0,3.2,3,Detractor,4,3,0,30,3,224.17,1,28,0-30 Days,2690.04
TKT-0075,CUST-0286,Finance,Middle East,Enterprise,v1.5,Onboarding,2024-05-03,Successfully Resolved,6.2,85.2,1,3.4,9,Promoter,0,1,0,54,2,907.88,1,10,0-30 Days,10894.56
TKT-0076,CUST-0113,Finance,Europe,Enterprise,v1.0,Technical,2023-01-07,Successfully Resolved,4.1,76.2,1,3.3,8,Passive,1,0,0,46,3,760.38,0,37,No Churn,0.0
TKT-0077,CUST-0167,Finance,North America,Basic,v1.0,Billing,2023-12-27,Successfully Resolved,9.2,70.9,1,4.9,9,Promoter,1,1,0,35,4,47.48,1,4,0-30 Days,569.76
TKT-0078,CUST-0029,SaaS,Asia-Pacific,Enterprise,v2.0,Onboarding,2023-11-02,Successfully Resolved,1.4,69.2,0,3.6,4,Detractor,1,1,1,49,3,940.89,0,90,No Churn,0.0
TKT-0079,CUST-0118,E-Commerce,North America,Pro,v2.0,Performance,2024-02-04,Successfully Resolved,2.0,69.6,1,3.4,9,Promoter,0,1,1,43,4,180.62,0,90,No Churn,0.0
TKT-0080,CUST-0017,SaaS,Middle East,Basic,v2.0,Technical,2024-03-05,Successfully Resolved,2.8,79.4,0,3.0,5,Detractor,1,2,1,10,6,42.37,0,77,No Churn,0.0
TKT-0081,CUST-0162,Retail,Asia-Pacific,Pro,v1.5,Technical,2024-07-05,Successfully Resolved,7.3,83.3,0,3.7,7,Passive,1,3,0,58,4,200.77,0,54,No Churn,0.0
TKT-0082,CUST-0206,Healthcare,North America,Enterprise,v1.5,Technical,2024-07-13,Successfully Resolved,5.7,52.9,1,3.9,7,Passive,0,0,0,53,3,903.21,0,90,No Churn,0.0
TKT-0083,CUST-0138,E-Commerce,Europe,Pro,v2.0,Billing,2024-09-09,Successfully Resolved,7.9,95.0,1,3.9,7,Passive,0,1,1,32,6,222.9,0,43,No Churn,0.0
TKT-0084,CUST-0034,SaaS,Middle East,Basic,v2.0,Integration,2023-08-14,Successfully Resolved,10.6,94.1,1,3.6,7,Passive,0,1,0,42,6,57.42,1,17,0-30 Days,689.04
TKT-0085,CUST-0109,E-Commerce,Middle East,Pro,v2.5,Integration,2024-05-14,Successfully Resolved,8.1,50.0,1,3.5,6,Detractor,0,0,1,42,4,206.29,1,66,61-90 Days,2475.48
TKT-0086,CUST-0291,E-Commerce,Europe,Basic,v1.0,Onboarding,2023-08-13,Successfully Resolved,16.6,91.0,1,4.8,7,Passive,0,0,0,3,4,43.37,1,59,31-60 Days,520.44
TKT-0087,CUST-0162,Finance,Europe,Basic,v2.0,Technical,2023-10-07,Successfully Resolved,10.6,90.7,0,1.8,0,Detractor,0,3,0,56,4,51.75,1,17,0-30 Days,621.0
TKT-0088,CUST-0109,Healthcare,North America,Basic,v2.0,Integration,2024-03-22,Successfully Resolved,4.5,78.0,0,2.0,7,Passive,1,2,1,26,2,55.0,1,26,0-30 Days,660.0
TKT-0089,CUST-0256,Retail,Middle East,Basic,v2.0,Onboarding,2024-05-12,Successfully Resolved,3.2,62.4,1,4.9,10,Promoter,0,0,0,15,2,43.25,0,61,No Churn,0.0
TKT-0090,CUST-0203,E-Commerce,North America,Basic,v2.0,Integration,2023-01-30,Successfully Resolved,4.7,90.2,0,2.0,4,Detractor,2,3,0,17,5,44.61,0,4,No Churn,0.0
TKT-0091,CUST-0235,SaaS,Middle East,Basic,v2.0,Onboarding,2024-02-03,Successfully Resolved,8.3,75.1,1,4.4,8,Passive,0,0,0,27,2,41.86,1,6,0-30 Days,502.32
TKT-0092,CUST-0074,Finance,Europe,Pro,v2.5,Integration,2023-12-11,Successfully Resolved,3.5,84.6,1,4.9,8,Passive,0,0,0,18,3,210.5,1,1,0-30 Days,2526.0
TKT-0093,CUST-0136,Finance,Europe,Basic,v1.0,Onboarding,2024-11-15,Successfully Resolved,8.4,99.0,1,4.0,5,Detractor,0,0,0,51,6,56.86,1,90,61-90 Days,682.32
TKT-0094,CUST-0072,Healthcare,Europe,Basic,v1.0,Technical,2024-11-26,Successfully Resolved,7.8,81.0,1,3.9,9,Promoter,0,0,0,19,4,53.15,0,89,No Churn,0.0
TKT-0095,CUST-0127,Finance,North America,Enterprise,v2.0,Performance,2024-02-19,Successfully Resolved,2.2,67.0,0,3.4,7,Passive,5,5,1,12,6,953.78,1,7,0-30 Days,11445.36
TKT-0096,CUST-0288,E-Commerce,North America,Pro,v2.0,Onboarding,2023-06-19,Successfully Resolved,10.5,74.0,0,2.6,3,Detractor,1,2,0,24,2,173.54,1,62,61-90 Days,2082.48
TKT-0097,CUST-0276,E-Commerce,North America,Pro,v1.5,Onboarding,2024-04-23,Successfully Resolved,6.6,68.5,1,4.8,8,Passive,0,2,1,5,1,232.04,1,19,0-30 Days,2784.48
TKT-0098,CUST-0135,E-Commerce,North America,Basic,v1.0,Technical,2023-05-11,Successfully Resolved,16.0,83.2,1,4.2,7,Passive,0,0,0,24,4,55.61,1,9,0-30 Days,667.32
TKT-0099,CUST-0300,SaaS,Asia-Pacific,Basic,v1.0,Onboarding,2024-09-29,Successfully Resolved,4.9,68.3,1,3.8,10,Promoter,0,0,1,27,3,47.04,0,18,No Churn,0.0
TKT-0100,CUST-0220,SaaS,North America,Basic,v2.5,Onboarding,2024-06-30,Successfully Resolved,3.9,72.3,1,3.7,7,Passive,1,1,0,48,5,58.35,1,25,0-30 Days,700.2
TKT-0101,CUST-0299,SaaS,North America,Basic,v1.5,Billing,2023-01-28,Successfully Resolved,1.9,62.6,0,3.7,4,Detractor,0,3,1,30,3,46.59,1,5,0-30 Days,559.08
TKT-0102,CUST-0205,Healthcare,Middle East,Basic,v1.5,Billing,2024-02-08,Successfully Resolved,1.9,76.4,0,4.3,8,Passive,0,0,0,15,2,56.9,1,41,31-60 Days,682.8
TKT-0103,CUST-0186,E-Commerce,Middle East,Basic,v1.5,Onboarding,2024-08-29,Successfully Resolved,9.7,80.1,1,3.9,5,Detractor,0,0,0,47,1,56.75,1,4,0-30 Days,681.0
TKT-0104,CUST-0113,E-Commerce,Middle East,Basic,v1.5,Integration,2024-07-31,Successfully Resolved,15.0,45.8,1,3.5,8,Passive,0,0,0,59,2,54.64,1,1,0-30 Days,655.68
TKT-0105,CUST-0071,Retail,Middle East,Basic,v1.0,Onboarding,2024-11-09,Successfully Resolved,4.6,81.1,1,4.1,8,Passive,0,0,0,38,5,51.31,0,5,No Churn,0.0
TKT-0106,CUST-0261,SaaS,North America,Pro,v2.0,Technical,2023-01-28,Successfully Resolved,4.4,77.5,1,4.4,6,Detractor,0,0,1,44,2,177.51,0,29,No Churn,0.0
TKT-0107,CUST-0253,E-Commerce,North America,Basic,v1.0,Feature Request,2023-03-27,Successfully Resolved,5.3,68.8,1,4.0,10,Promoter,1,0,1,34,5,50.77,0,90,No Churn,0.0
TKT-0108,CUST-0047,Finance,Asia-Pacific,Pro,v2.5,Billing,2024-10-20,Successfully Resolved,11.0,99.0,1,4.5,8,Passive,0,0,1,27,4,194.0,1,55,31-60 Days,2328.0
TKT-0109,CUST-0025,SaaS,Asia-Pacific,Pro,v1.5,Technical,2024-03-14,Successfully Resolved,2.2,89.5,0,1.5,6,Detractor,0,3,1,20,1,224.33,1,22,0-30 Days,2691.96
TKT-0110,CUST-0057,SaaS,North America,Pro,v2.0,Billing,2023-05-19,Successfully Resolved,6.0,64.8,0,3.2,6,Detractor,1,3,1,41,3,221.95,0,53,No Churn,0.0
TKT-0111,CUST-0079,SaaS,Asia-Pacific,Basic,v2.5,Billing,2024-04-17,Successfully Resolved,9.8,88.1,1,4.2,7,Passive,0,0,1,32,2,57.27,1,24,0-30 Days,687.24
TKT-0112,CUST-0082,SaaS,North America,Enterprise,v2.0,Technical,2023-07-06,Successfully Resolved,7.2,92.9,1,5.0,10,Promoter,1,0,1,4,2,683.3,0,6,No Churn,0.0
TKT-0113,CUST-0217,Retail,North America,Pro,v2.0,Technical,2023-02-21,Successfully Resolved,0.5,79.6,1,5.0,9,Promoter,1,1,0,5,4,225.5,0,90,No Churn,0.0
TKT-0114,CUST-0033,Finance,Europe,Basic,v1.5,Billing,2023-09-24,Successfully Resolved,8.1,82.3,1,3.8,7,Passive,1,0,0,53,3,57.74,1,84,61-90 Days,692.88
TKT-0115,CUST-0198,Healthcare,Europe,Enterprise,v1.5,Technical,2024-01-24,Successfully Resolved,7.3,82.1,0,3.7,6,Detractor,1,3,0,58,6,899.88,1,20,0-30 Days,10798.56
TKT-0116,CUST-0196,Retail,Europe,Enterprise,v2.0,Onboarding,2023-12-02,Successfully Resolved,12.4,53.0,1,4.0,10,Promoter,0,1,0,8,6,715.56,1,39,31-60 Days,8586.72
TKT-0117,CUST-0240,Finance,North America,Basic,v2.5,Technical,2023-08-05,Successfully Resolved,14.2,75.8,1,4.5,9,Promoter,1,0,0,22,2,43.04,0,36,No Churn,0.0
TKT-0118,CUST-0271,SaaS,Middle East,Basic,v2.0,Technical,2024-04-10,Successfully Resolved,12.0,75.1,1,4.9,6,Detractor,0,1,0,42,4,42.01,0,53,No Churn,0.0
TKT-0119,CUST-0129,Retail,North America,Enterprise,v2.0,Integration,2023-12-01,Successfully Resolved,5.3,95.2,0,3.2,4,Detractor,3,0,0,7,5,854.98,1,74,61-90 Days,10259.76
TKT-0120,CUST-0284,E-Commerce,North America,Pro,v2.0,Billing,2023-12-12,Successfully Resolved,1.0,82.0,1,4.3,8,Passive,1,2,1,22,3,213.01,1,47,31-60 Days,2556.12
TKT-0121,CUST-0006,Finance,Middle East,Basic,v2.0,Onboarding,2024-01-24,Successfully Resolved,4.3,74.4,1,4.0,8,Passive,0,0,0,46,3,58.58,0,42,No Churn,0.0
TKT-0122,CUST-0059,Retail,Middle East,Basic,v1.0,Billing,2023-10-12,Successfully Resolved,5.2,76.9,1,4.5,6,Detractor,0,0,0,30,3,48.48,0,2,No Churn,0.0
TKT-0123,CUST-0275,E-Commerce,Middle East,Pro,v2.0,Billing,2024-03-07,Successfully Resolved,14.9,90.3,0,2.4,4,Detractor,0,2,1,37,5,192.27,0,7,No Churn,0.0
TKT-0124,CUST-0137,SaaS,Asia-Pacific,Pro,v2.5,Onboarding,2023-09-16,Successfully Resolved,2.6,75.8,0,3.4,5,Detractor,1,3,1,16,2,212.64,1,10,0-30 Days,2551.68
TKT-0125,CUST-0175,SaaS,Asia-Pacific,Pro,v1.5,Onboarding,2023-03-25,Successfully Resolved,1.4,69.6,1,3.1,5,Detractor,0,0,0,15,3,226.65,0,1,No Churn,0.0
TKT-0126,CUST-0058,E-Commerce,Europe,Pro,v2.0,Integration,2024-04-26,Successfully Resolved,3.5,74.7,0,3.8,5,Detractor,2,1,1,5,3,234.4,1,10,0-30 Days,2812.8
TKT-0127,CUST-0151,Finance,North America,Pro,v1.5,Onboarding,2023-01-20,Successfully Resolved,2.8,89.3,0,3.2,6,Detractor,3,1,1,3,3,225.09,1,14,0-30 Days,2701.08
TKT-0128,CUST-0223,Retail,Europe,Pro,v2.0,Performance,2024-07-06,Successfully Resolved,1.3,84.0,0,2.4,5,Detractor,3,5,1,23,2,198.87,1,5,0-30 Days,2386.44
TKT-0129,CUST-0081,SaaS,North America,Basic,v1.0,Billing,2023-02-23,Successfully Resolved,4.7,78.5,0,3.2,3,Detractor,1,2,0,10,3,52.54,1,13,0-30 Days,630.48
TKT-0130,CUST-0233,E-Commerce,North America,Basic,v2.0,Billing,2023-12-25,Successfully Resolved,5.3,80.3,0,2.2,3,Detractor,1,4,0,5,2,56.34,1,32,31-60 Days,676.08
TKT-0131,CUST-0002,E-Commerce,Asia-Pacific,Pro,v2.5,Billing,2023-08-18,Successfully Resolved,1.2,71.3,1,4.0,10,Promoter,0,0,0,23,5,203.32,1,19,0-30 Days,2439.84
TKT-0132,CUST-0135,SaaS,Europe,Enterprise,v1.5,Billing,2024-10-27,Successfully Resolved,3.9,75.7,0,1.8,3,Detractor,1,2,1,15,4,739.75,1,16,0-30 Days,8877.0
TKT-0133,CUST-0257,SaaS,North America,Pro,v2.0,Onboarding,2023-03-12,Successfully Resolved,2.6,70.0,1,2.4,10,Promoter,0,0,0,18,4,180.97,1,25,0-30 Days,2171.64
TKT-0134,CUST-0092,E-Commerce,North America,Pro,v2.5,Onboarding,2024-10-29,Successfully Resolved,5.5,74.5,0,3.2,3,Detractor,3,3,1,25,2,169.16,1,85,61-90 Days,2029.92
TKT-0135,CUST-0260,Retail,Asia-Pacific,Basic,v2.5,Billing,2023-02-11,Successfully Resolved,5.9,94.2,1,3.9,10,Promoter,2,0,0,8,3,53.97,0,36,No Churn,0.0
TKT-0136,CUST-0055,E-Commerce,North America,Pro,v1.5,Performance,2023-02-01,Successfully Resolved,2.6,65.1,0,3.5,5,Detractor,1,1,1,31,5,176.89,0,15,No Churn,0.0
TKT-0137,CUST-0153,E-Commerce,Middle East,Pro,v1.5,Integration,2023-09-11,Successfully Resolved,10.4,69.7,0,3.3,4,Detractor,1,3,0,21,2,186.13,1,51,31-60 Days,2233.56
TKT-0138,CUST-0260,Finance,Europe,Basic,v1.5,Technical,2023-07-24,Successfully Resolved,5.1,62.9,1,3.8,4,Detractor,0,0,0,2,6,46.76,1,3,0-30 Days,561.12
TKT-0139,CUST-0102,E-Commerce,Europe,Basic,v2.5,Billing,2023-01-21,Successfully Resolved,2.7,60.3,0,4.0,5,Detractor,2,4,0,22,2,51.26,1,5,0-30 Days,615.12
TKT-0140,CUST-0079,Retail,Europe,Pro,v2.5,Billing,2024-09-28,Successfully Resolved,1.1,75.8,1,4.8,8,Passive,1,0,0,8,1,196.87,1,2,0-30 Days,2362.44
TKT-0141,CUST-0192,Retail,Asia-Pacific,Basic,v2.0,Billing,2023-06-06,Successfully Resolved,6.1,70.6,0,2.2,5,Detractor,3,2,1,23,2,53.22,0,62,No Churn,0.0
TKT-0142,CUST-0083,SaaS,North America,Basic,v2.5,Billing,2023-09-02,Successfully Resolved,7.2,99.0,1,4.8,8,Passive,0,1,0,32,5,42.6,1,3,0-30 Days,511.2
TKT-0143,CUST-0277,E-Commerce,Asia-Pacific,Basic,v2.0,Onboarding,2023-05-10,Successfully Resolved,3.4,74.6,1,3.8,5,Detractor,0,0,0,8,4,43.78,0,90,No Churn,0.0
TKT-0144,CUST-0272,E-Commerce,Europe,Basic,v2.0,Technical,2024-04-29,Successfully Resolved,5.6,93.5,0,3.8,5,Detractor,0,2,0,4,6,50.21,1,5,0-30 Days,602.52
TKT-0145,CUST-0001,SaaS,North America,Basic,v1.0,Technical,2024-11-16,Successfully Resolved,14.2,89.6,1,4.4,9,Promoter,0,0,1,30,4,47.43,0,41,No Churn,0.0
TKT-0146,CUST-0166,SaaS,Middle East,Enterprise,v2.5,Performance,2023-04-28,Successfully Resolved,9.3,75.5,0,2.6,6,Detractor,3,3,0,19,3,761.87,0,38,No Churn,0.0
TKT-0147,CUST-0251,Healthcare,Asia-Pacific,Pro,v1.0,Feature Request,2024-07-31,Successfully Resolved,0.5,99.0,1,4.5,5,Detractor,1,0,0,23,4,173.82,0,10,No Churn,0.0
TKT-0148,CUST-0010,E-Commerce,Asia-Pacific,Pro,v2.5,Performance,2023-08-12,Successfully Resolved,2.7,81.2,1,3.9,10,Promoter,1,0,0,18,5,231.54,1,12,0-30 Days,2778.48
TKT-0149,CUST-0058,SaaS,Middle East,Enterprise,v2.5,Billing,2024-04-21,Successfully Resolved,4.5,96.2,1,4.8,8,Passive,1,0,0,53,1,872.62,1,21,0-30 Days,10471.44
TKT-0150,CUST-0186,SaaS,Middle East,Pro,v2.0,Technical,2024-12-17,Successfully Resolved,5.3,94.8,1,4.0,8,Passive,1,0,0,29,4,177.62,0,49,No Churn,0.0
TKT-0151,CUST-0158,Retail,Asia-Pacific,Basic,v1.0,Onboarding,2023-09-20,Successfully Resolved,5.7,83.0,1,3.8,6,Detractor,0,0,0,23,3,42.77,1,12,0-30 Days,513.24
TKT-0152,CUST-0123,SaaS,Asia-Pacific,Pro,v1.5,Billing,2024-01-13,Successfully Resolved,6.9,87.0,1,3.8,9,Promoter,0,1,0,33,3,237.05,0,6,No Churn,0.0
TKT-0153,CUST-0030,SaaS,Asia-Pacific,Pro,v1.5,Billing,2023-06-21,Successfully Resolved,4.6,85.5,1,5.0,4,Detractor,0,0,0,52,6,216.59,0,90,No Churn,0.0
TKT-0154,CUST-0124,E-Commerce,Asia-Pacific,Pro,v1.5,Feature Request,2024-09-12,Successfully Resolved,5.1,64.3,1,3.7,6,Detractor,1,1,0,47,4,198.23,1,1,0-30 Days,2378.76
TKT-0155,CUST-0291,Retail,Europe,Pro,v1.0,Onboarding,2024-09-13,Successfully Resolved,9.7,78.7,0,2.9,7,Passive,2,2,1,18,5,218.03,0,1,No Churn,0.0
TKT-0156,CUST-0041,SaaS,Asia-Pacific,Basic,v2.5,Technical,2023-04-28,Successfully Resolved,6.2,90.9,0,2.8,6,Detractor,1,2,1,54,4,54.62,1,17,0-30 Days,655.44
TKT-0157,CUST-0044,Healthcare,North America,Basic,v2.0,Technical,2023-06-17,Successfully Resolved,1.7,96.3,1,4.4,8,Passive,0,0,0,44,3,55.03,1,19,0-30 Days,660.36
TKT-0158,CUST-0249,Finance,Middle East,Pro,v1.5,Technical,2023-11-15,Successfully Resolved,5.4,69.4,0,1.1,6,Detractor,4,3,0,33,3,202.43,1,29,0-30 Days,2429.16
TKT-0159,CUST-0036,SaaS,Middle East,Pro,v1.5,Billing,2023-04-21,Successfully Resolved,4.5,84.3,1,5.0,9,Promoter,0,1,0,7,2,199.09,0,8,No Churn,0.0
TKT-0160,CUST-0273,Finance,North America,Pro,v2.0,Technical,2024-08-15,Successfully Resolved,0.7,79.8,0,3.8,6,Detractor,1,2,1,51,2,169.92,1,59,31-60 Days,2039.04
TKT-0161,CUST-0065,E-Commerce,Asia-Pacific,Pro,v2.0,Billing,2023-01-27,Successfully Resolved,5.6,76.6,0,3.9,4,Detractor,1,1,1,28,4,233.68,1,9,0-30 Days,2804.16
TKT-0162,CUST-0066,Healthcare,North America,Enterprise,v2.0,Billing,2023-11-16,Successfully Resolved,2.0,82.3,0,2.1,3,Detractor,1,3,1,1,3,847.87,1,42,31-60 Days,10174.44
TKT-0163,CUST-0244,Healthcare,North America,Pro,v2.5,Performance,2024-08-12,Successfully Resolved,9.8,80.6,1,5.0,6,Detractor,0,1,0,56,2,183.3,0,90,No Churn,0.0
TKT-0164,CUST-0282,E-Commerce,Asia-Pacific,Basic,v2.0,Onboarding,2024-11-24,Successfully Resolved,6.8,84.5,0,2.3,7,Passive,1,2,0,39,4,57.42,1,31,31-60 Days,689.04
TKT-0165,CUST-0085,SaaS,North America,Basic,v2.5,Feature Request,2024-01-20,Successfully Resolved,1.7,95.3,1,2.5,5,Detractor,0,0,1,34,1,57.34,1,9,0-30 Days,688.08
TKT-0166,CUST-0136,Finance,Asia-Pacific,Basic,v2.5,Technical,2024-02-11,Successfully Resolved,9.5,87.4,0,2.6,5,Detractor,1,1,1,39,3,58.61,1,41,31-60 Days,703.32
TKT-0167,CUST-0271,E-Commerce,Asia-Pacific,Basic,v1.5,Technical,2023-07-23,Successfully Resolved,12.6,81.7,1,4.7,8,Passive,0,1,0,19,3,56.64,0,90,No Churn,0.0
TKT-0168,CUST-0217,SaaS,Europe,Basic,v2.5,Technical,2023-03-19,Successfully Resolved,4.1,99.0,1,3.5,10,Promoter,0,0,0,31,4,58.76,0,12,No Churn,0.0
TKT-0169,CUST-0109,SaaS,North America,Basic,v1.0,Billing,2024-08-29,Successfully Resolved,4.5,91.3,0,3.1,5,Detractor,3,1,0,13,4,45.85,0,13,No Churn,0.0
TKT-0170,CUST-0277,Healthcare,North America,Basic,v2.5,Billing,2024-12-08,Successfully Resolved,8.8,76.9,0,2.8,4,Detractor,1,1,1,57,3,56.09,1,32,31-60 Days,673.08
TKT-0171,CUST-0103,Healthcare,Europe,Basic,v1.5,Integration,2024-10-04,Successfully Resolved,11.9,63.4,1,4.0,7,Passive,0,0,0,24,2,55.76,1,28,0-30 Days,669.12
TKT-0172,CUST-0160,SaaS,Middle East,Enterprise,v2.5,Feature Request,2023-09-06,Successfully Resolved,0.9,66.1,0,2.3,4,Detractor,2,2,1,5,7,743.73,1,18,0-30 Days,8924.76
TKT-0173,CUST-0205,E-Commerce,Europe,Basic,v2.5,Onboarding,2023-04-15,Successfully Resolved,1.9,89.2,1,3.4,10,Promoter,0,1,0,23,2,43.34,0,57,No Churn,0.0
TKT-0174,CUST-0192,SaaS,North America,Pro,v2.5,Technical,2024-12-14,Successfully Resolved,3.6,70.4,0,3.7,6,Detractor,1,1,0,19,2,237.37,0,23,No Churn,0.0
TKT-0175,CUST-0225,Healthcare,Europe,Pro,v2.5,Performance,2023-11-05,Successfully Resolved,3.9,65.9,1,4.8,6,Detractor,0,0,1,1,3,189.77,0,90,No Churn,0.0
TKT-0176,CUST-0265,SaaS,Europe,Enterprise,v1.5,Billing,2024-12-01,Successfully Resolved,8.7,68.9,1,4.4,8,Passive,0,0,1,33,5,922.69,1,16,0-30 Days,11072.28
TKT-0177,CUST-0232,Healthcare,Asia-Pacific,Basic,v1.0,Technical,2024-09-06,Successfully Resolved,12.0,69.8,1,3.7,9,Promoter,1,0,0,59,4,41.72,1,22,0-30 Days,500.64
TKT-0178,CUST-0062,E-Commerce,North America,Pro,v2.0,Technical,2023-05-04,Successfully Resolved,12.6,88.2,1,5.0,7,Passive,2,2,0,50,3,170.61,1,28,0-30 Days,2047.32
TKT-0179,CUST-0127,Retail,Asia-Pacific,Enterprise,v1.5,Integration,2024-08-02,Successfully Resolved,0.9,76.1,1,4.5,4,Detractor,0,0,0,56,4,809.43,0,2,No Churn,0.0
TKT-0180,CUST-0116,SaaS,Europe,Enterprise,v2.0,Performance,2023-02-12,Successfully Resolved,2.5,61.5,1,3.0,7,Passive,0,1,0,33,6,745.91,0,37,No Churn,0.0
TKT-0181,CUST-0033,E-Commerce,Middle East,Enterprise,v1.5,Technical,2023-12-22,Successfully Resolved,3.0,78.4,1,4.6,5,Detractor,0,0,0,32,5,872.06,1,7,0-30 Days,10464.72
TKT-0182,CUST-0174,SaaS,North America,Basic,v2.5,Integration,2024-06-29,Successfully Resolved,2.5,80.7,0,3.4,2,Detractor,2,3,0,59,4,51.35,1,46,31-60 Days,616.2
TKT-0183,CUST-0011,Retail,Europe,Basic,v2.0,Integration,2024-03-14,Successfully Resolved,6.8,72.2,0,1.3,6,Detractor,1,1,1,28,3,42.98,1,65,61-90 Days,515.76
TKT-0184,CUST-0284,Retail,Middle East,Pro,v2.5,Technical,2024-11-08,Successfully Resolved,7.4,91.9,1,4.7,10,Promoter,0,1,0,37,3,180.48,0,81,No Churn,0.0
TKT-0185,CUST-0118,SaaS,North America,Enterprise,v1.0,Technical,2024-01-15,Successfully Resolved,5.0,72.9,1,3.8,10,Promoter,0,0,0,41,1,787.67,0,89,No Churn,0.0
TKT-0186,CUST-0113,Healthcare,Middle East,Pro,v2.5,Technical,2023-03-12,Successfully Resolved,4.7,91.3,1,3.1,3,Detractor,0,1,0,12,2,182.08,0,9,No Churn,0.0
TKT-0187,CUST-0004,Finance,Asia-Pacific,Pro,v2.5,Performance,2024-06-02,Successfully Resolved,3.7,85.2,1,5.0,7,Passive,0,0,0,9,5,224.33,0,25,No Churn,0.0
TKT-0188,CUST-0037,Healthcare,North America,Basic,v2.0,Billing,2024-10-25,Successfully Resolved,4.1,89.1,0,2.5,3,Detractor,1,3,0,50,3,48.79,0,9,No Churn,0.0
TKT-0189,CUST-0031,E-Commerce,North America,Enterprise,v2.0,Integration,2023-12-16,Successfully Resolved,14.1,64.8,1,4.0,5,Detractor,0,0,0,55,4,705.28,0,9,No Churn,0.0
TKT-0190,CUST-0118,SaaS,Asia-Pacific,Basic,v2.5,Technical,2023-01-13,Successfully Resolved,8.2,79.2,1,4.6,8,Passive,0,0,0,11,5,49.96,1,88,61-90 Days,599.52
TKT-0191,CUST-0035,SaaS,North America,Basic,v1.5,Feature Request,2024-03-06,Successfully Resolved,3.8,77.4,1,3.9,7,Passive,0,0,0,33,2,43.21,0,67,No Churn,0.0
TKT-0192,CUST-0017,Retail,Europe,Pro,v2.0,Technical,2024-05-16,Successfully Resolved,4.6,60.9,1,4.2,5,Detractor,0,0,0,19,5,178.13,1,11,0-30 Days,2137.56
TKT-0193,CUST-0170,Retail,North America,Pro,v1.5,Onboarding,2023-04-19,Successfully Resolved,6.9,91.3,0,2.4,1,Detractor,1,1,0,54,5,185.84,1,21,0-30 Days,2230.08
TKT-0194,CUST-0037,Healthcare,Europe,Basic,v1.0,Integration,2024-03-19,Successfully Resolved,1.7,68.2,0,2.5,3,Detractor,2,3,0,57,2,56.39,0,34,No Churn,0.0
TKT-0195,CUST-0264,E-Commerce,North America,Basic,v1.5,Integration,2024-01-06,Successfully Resolved,5.6,70.7,1,4.3,8,Passive,0,0,0,42,4,57.51,1,54,31-60 Days,690.12
TKT-0196,CUST-0122,E-Commerce,Middle East,Pro,v1.0,Integration,2024-10-12,Successfully Resolved,7.9,65.8,1,3.4,7,Passive,1,0,1,34,1,226.7,0,7,No Churn,0.0
TKT-0197,CUST-0143,Finance,Middle East,Basic,v1.0,Billing,2024-04-15,Successfully Resolved,7.2,86.4,0,1.5,6,Detractor,2,2,1,7,3,47.38,1,3,0-30 Days,568.56
TKT-0198,CUST-0249,Retail,Middle East,Pro,v1.0,Feature Request,2024-12-25,Successfully Resolved,2.5,59.7,0,3.5,5,Detractor,0,0,1,31,6,188.13,0,90,No Churn,0.0
TKT-0199,CUST-0110,Retail,Asia-Pacific,Basic,v2.5,Billing,2023-06-06,Successfully Resolved,3.0,85.4,1,5.0,7,Passive,0,0,0,52,4,51.07,1,27,0-30 Days,612.84
TKT-0200,CUST-0277,Finance,North America,Pro,v2.0,Technical,2024-03-21,Successfully Resolved,0.6,90.5,1,3.4,6,Detractor,1,0,0,2,2,219.43,0,47,No Churn,0.0
TKT-0201,CUST-0068,Healthcare,Asia-Pacific,Pro,v2.5,Onboarding,2023-06-30,Successfully Resolved,8.5,84.4,1,4.4,4,Detractor,1,1,0,19,7,238.34,0,90,No Churn,0.0
TKT-0202,CUST-0293,SaaS,North America,Basic,v2.0,Technical,2024-06-18,Successfully Resolved,18.1,86.6,1,4.5,6,Detractor,0,0,0,38,6,43.91,0,44,No Churn,0.0
TKT-0203,CUST-0296,SaaS,North America,Basic,v1.5,Onboarding,2024-10-28,Successfully Resolved,2.2,87.1,1,3.0,10,Promoter,1,1,0,32,4,42.5,1,10,0-30 Days,510.0
TKT-0204,CUST-0243,Retail,North America,Basic,v2.0,Performance,2023-10-04,Successfully Resolved,10.6,66.6,1,4.3,9,Promoter,0,0,0,10,7,53.56,1,26,0-30 Days,642.72
TKT-0205,CUST-0125,Healthcare,Europe,Basic,v2.0,Billing,2024-09-22,Successfully Resolved,17.1,95.2,1,4.6,8,Passive,0,2,1,41,3,55.92,0,90,No Churn,0.0
TKT-0206,CUST-0243,SaaS,Asia-Pacific,Enterprise,v1.0,Feature Request,2024-07-05,Successfully Resolved,3.4,72.5,1,4.5,7,Passive,0,0,0,8,4,915.83,0,56,No Churn,0.0
TKT-0207,CUST-0209,SaaS,Asia-Pacific,Basic,v2.0,Technical,2024-05-10,Successfully Resolved,4.6,77.2,0,2.3,7,Passive,0,3,0,26,4,53.29,1,1,0-30 Days,639.48
TKT-0208,CUST-0098,Healthcare,Europe,Enterprise,v1.5,Billing,2024-04-21,Successfully Resolved,6.0,74.0,1,4.3,6,Detractor,0,0,0,30,2,945.94,0,90,No Churn,0.0
TKT-0209,CUST-0049,SaaS,North America,Basic,v2.0,Billing,2024-03-22,Successfully Resolved,7.0,83.9,1,4.2,6,Detractor,0,1,0,11,4,50.41,0,90,No Churn,0.0
TKT-0210,CUST-0050,SaaS,Middle East,Pro,v2.0,Performance,2024-08-29,Successfully Resolved,6.3,71.5,1,3.1,7,Passive,0,1,0,41,2,232.8,0,90,No Churn,0.0
TKT-0211,CUST-0221,E-Commerce,Europe,Enterprise,v1.5,Integration,2023-10-02,Successfully Resolved,3.6,78.8,1,4.2,4,Detractor,1,0,0,20,4,949.8,0,5,No Churn,0.0
TKT-0212,CUST-0182,Healthcare,Europe,Pro,v1.0,Performance,2023-11-27,Successfully Resolved,7.8,63.2,0,3.5,3,Detractor,2,1,0,20,2,228.15,1,32,31-60 Days,2737.8
TKT-0213,CUST-0217,Healthcare,North America,Pro,v2.5,Performance,2023-09-09,Successfully Resolved,3.7,92.0,1,3.7,7,Passive,0,0,0,9,6,190.72,0,74,No Churn,0.0
TKT-0214,CUST-0211,SaaS,Asia-Pacific,Pro,v2.0,Technical,2023-03-30,Successfully Resolved,6.6,86.0,1,5.0,7,Passive,0,0,0,8,3,182.82,0,77,No Churn,0.0
TKT-0215,CUST-0240,Finance,Asia-Pacific,Basic,v1.0,Technical,2023-10-13,Successfully Resolved,4.9,74.5,0,3.3,3,Detractor,4,3,1,15,4,51.05,1,90,61-90 Days,612.6
TKT-0216,CUST-0028,SaaS,North America,Enterprise,v2.5,Feature Request,2024-04-06,Successfully Resolved,0.8,72.4,1,3.4,10,Promoter,1,0,0,34,0,805.84,0,10,No Churn,0.0
TKT-0217,CUST-0051,E-Commerce,North America,Enterprise,v1.0,Technical,2023-09-07,Successfully Resolved,11.7,85.7,0,1.8,7,Passive,2,3,0,24,2,924.62,1,2,0-30 Days,11095.44
TKT-0218,CUST-0032,Finance,Asia-Pacific,Enterprise,v2.0,Technical,2024-04-20,Successfully Resolved,3.0,69.5,1,5.0,10,Promoter,0,0,0,33,2,707.12,0,70,No Churn,0.0
TKT-0219,CUST-0207,Healthcare,Asia-Pacific,Basic,v2.5,Technical,2024-08-06,Successfully Resolved,12.4,79.5,1,3.2,7,Passive,0,1,0,41,1,46.07,0,4,No Churn,0.0
TKT-0220,CUST-0174,Finance,North America,Pro,v1.5,Onboarding,2024-09-16,Successfully Resolved,10.3,91.9,1,4.1,7,Passive,1,0,1,41,4,221.51,1,34,31-60 Days,2658.12
TKT-0221,CUST-0056,Healthcare,Middle East,Enterprise,v1.0,Onboarding,2024-11-15,Successfully Resolved,5.9,68.3,1,4.2,10,Promoter,0,0,0,45,4,705.71,0,10,No Churn,0.0
TKT-0222,CUST-0128,Healthcare,North America,Basic,v1.0,Billing,2024-01-24,Successfully Resolved,7.3,82.4,0,3.3,5,Detractor,1,3,1,40,1,47.15,1,13,0-30 Days,565.8
TKT-0223,CUST-0099,SaaS,Europe,Basic,v1.5,Technical,2023-12-11,Successfully Resolved,7.9,81.8,0,2.2,3,Detractor,3,0,0,27,4,48.29,0,3,No Churn,0.0
TKT-0224,CUST-0098,E-Commerce,Middle East,Pro,v1.0,Onboarding,2023-01-30,Successfully Resolved,4.3,76.8,1,4.8,6,Detractor,0,0,0,21,2,212.51,1,28,0-30 Days,2550.12
TKT-0225,CUST-0275,SaaS,Europe,Pro,v2.0,Onboarding,2024-05-21,Successfully Resolved,4.4,72.0,1,5.0,7,Passive,0,1,0,5,5,180.16,0,43,No Churn,0.0
TKT-0226,CUST-0230,SaaS,Europe,Enterprise,v1.0,Technical,2023-11-29,Successfully Resolved,7.7,92.6,0,3.6,4,Detractor,1,1,0,35,6,919.82,1,68,61-90 Days,11037.84
TKT-0227,CUST-0072,Retail,North America,Basic,v2.0,Feature Request,2023-07-06,Successfully Resolved,4.9,70.8,0,2.9,5,Detractor,1,2,1,21,0,49.33,1,32,31-60 Days,591.96
TKT-0228,CUST-0217,E-Commerce,North America,Enterprise,v2.5,Billing,2024-05-14,Successfully Resolved,3.6,56.3,1,2.9,7,Passive,0,1,0,4,6,935.6,1,90,61-90 Days,11227.2
TKT-0229,CUST-0094,Retail,Middle East,Basic,v2.5,Technical,2023-08-06,Successfully Resolved,2.6,85.7,1,4.3,10,Promoter,2,0,0,49,2,49.67,1,13,0-30 Days,596.04
TKT-0230,CUST-0143,Healthcare,Europe,Basic,v2.0,Integration,2023-12-30,Successfully Resolved,6.7,63.6,1,3.3,5,Detractor,0,1,0,48,2,46.37,1,7,0-30 Days,556.44
TKT-0231,CUST-0237,Finance,Middle East,Basic,v1.5,Onboarding,2023-09-22,Successfully Resolved,2.9,86.3,0,4.2,6,Detractor,1,1,0,16,3,44.08,1,6,0-30 Days,528.96
TKT-0232,CUST-0128,E-Commerce,North America,Enterprise,v2.0,Technical,2023-12-15,Successfully Resolved,9.1,94.0,1,3.8,7,Passive,0,0,0,57,7,680.2,0,9,No Churn,0.0
TKT-0233,CUST-0039,Healthcare,North America,Pro,v2.0,Feature Request,2023-10-14,Successfully Resolved,9.7,85.6,1,4.4,7,Passive,0,2,0,31,3,206.21,0,90,No Churn,0.0
TKT-0234,CUST-0227,E-Commerce,North America,Pro,v2.0,Onboarding,2024-09-02,Successfully Resolved,7.3,90.9,0,3.3,6,Detractor,0,2,1,26,5,176.61,0,59,No Churn,0.0
TKT-0235,CUST-0282,SaaS,Asia-Pacific,Pro,v1.0,Integration,2024-12-19,Successfully Resolved,8.4,99.0,1,3.6,4,Detractor,2,0,0,52,1,196.43,0,38,No Churn,0.0
TKT-0236,CUST-0051,Finance,North America,Enterprise,v2.5,Feature Request,2023-10-10,Successfully Resolved,7.3,89.6,1,3.6,6,Detractor,0,0,1,35,1,843.94,0,90,No Churn,0.0
TKT-0237,CUST-0026,SaaS,Middle East,Pro,v2.0,Onboarding,2024-07-23,Successfully Resolved,8.8,82.0,1,5.0,7,Passive,0,1,0,6,7,188.35,1,5,0-30 Days,2260.2
TKT-0238,CUST-0277,SaaS,Europe,Enterprise,v1.5,Technical,2023-01-11,Successfully Resolved,8.5,97.6,1,4.4,10,Promoter,0,0,0,33,4,728.15,1,19,0-30 Days,8737.8
TKT-0239,CUST-0008,Healthcare,Middle East,Pro,v1.5,Billing,2024-06-13,Successfully Resolved,6.5,99.0,1,3.1,10,Promoter,0,1,0,21,3,223.11,0,55,No Churn,0.0
TKT-0240,CUST-0048,SaaS,North America,Pro,v2.0,Technical,2023-07-15,Successfully Resolved,10.4,99.0,1,4.4,10,Promoter,0,0,0,16,4,235.09,1,23,0-30 Days,2821.08
TKT-0241,CUST-0122,Retail,Middle East,Pro,v2.5,Technical,2023-03-29,Successfully Resolved,4.4,72.1,1,4.0,4,Detractor,1,0,0,47,5,176.15,1,90,61-90 Days,2113.8
TKT-0242,CUST-0086,Retail,Asia-Pacific,Basic,v2.0,Onboarding,2023-09-05,Successfully Resolved,2.6,61.8,1,4.1,6,Detractor,0,0,0,39,5,44.32,0,3,No Churn,0.0
TKT-0243,CUST-0209,Retail,Asia-Pacific,Pro,v2.5,Onboarding,2024-02-21,Successfully Resolved,2.5,71.4,0,2.1,3,Detractor,1,2,1,34,2,236.01,1,6,0-30 Days,2832.12
TKT-0244,CUST-0249,E-Commerce,Asia-Pacific,Pro,v1.0,Technical,2024-05-15,Successfully Resolved,3.9,86.4,0,3.6,4,Detractor,1,2,1,42,6,171.78,1,21,0-30 Days,2061.36
TKT-0245,CUST-0247,SaaS,Asia-Pacific,Basic,v2.0,Billing,2024-07-22,Successfully Resolved,0.7,79.9,1,3.6,4,Detractor,0,1,0,57,2,58.42,1,58,31-60 Days,701.04
TKT-0246,CUST-0110,Retail,Europe,Enterprise,v2.0,Technical,2023-09-04,Successfully Resolved,5.9,75.5,1,4.1,9,Promoter,1,0,0,15,4,680.45,1,16,0-30 Days,8165.4
TKT-0247,CUST-0206,E-Commerce,North America,Pro,v1.0,Technical,2024-12-08,Successfully Resolved,8.0,84.7,1,3.8,4,Detractor,0,0,0,6,3,230.0,1,24,0-30 Days,2760.0
TKT-0248,CUST-0031,Retail,North America,Pro,v1.5,Feature Request,2024-05-02,Successfully Resolved,9.6,60.4,1,4.5,9,Promoter,0,0,0,2,1,190.56,0,90,No Churn,0.0
TKT-0249,CUST-0085,Retail,Middle East,Enterprise,v2.5,Billing,2024-10-23,Successfully Resolved,1.0,79.7,1,4.0,9,Promoter,0,0,0,24,3,941.63,0,11,No Churn,0.0
TKT-0250,CUST-0195,Retail,Europe,Pro,v1.0,Onboarding,2024-12-29,Successfully Resolved,2.6,91.4,0,3.1,3,Detractor,1,4,1,56,4,191.23,1,16,0-30 Days,2294.76
TKT-0251,CUST-0002,SaaS,Asia-Pacific,Basic,v2.0,Performance,2024-05-17,Successfully Resolved,8.9,84.6,1,3.9,10,Promoter,1,0,0,49,8,52.87,0,45,No Churn,0.0
TKT-0252,CUST-0200,E-Commerce,Europe,Enterprise,v1.5,Billing,2024-04-03,Successfully Resolved,4.3,86.3,1,4.0,7,Passive,0,0,0,28,1,701.53,0,78,No Churn,0.0
TKT-0253,CUST-0136,Retail,North America,Pro,v1.0,Technical,2023-01-18,Successfully Resolved,7.9,97.2,1,5.0,6,Detractor,0,0,0,1,5,186.03,0,68,No Churn,0.0
TKT-0254,CUST-0233,E-Commerce,North America,Basic,v1.5,Billing,2023-04-06,Successfully Resolved,1.6,77.2,0,3.0,4,Detractor,0,2,1,1,1,54.92,1,49,31-60 Days,659.04
TKT-0255,CUST-0147,SaaS,Asia-Pacific,Basic,v2.5,Onboarding,2023-10-29,Successfully Resolved,12.3,70.2,1,4.3,7,Passive,0,1,0,28,3,50.72,0,46,No Churn,0.0
TKT-0256,CUST-0217,Healthcare,Europe,Enterprise,v2.5,Onboarding,2023-08-15,Successfully Resolved,1.5,92.3,0,2.2,4,Detractor,2,4,0,36,6,938.66,1,90,61-90 Days,11263.92
TKT-0257,CUST-0285,Retail,North America,Pro,v2.5,Technical,2024-02-19,Successfully Resolved,5.7,92.1,1,3.1,7,Passive,0,2,1,20,2,199.01,0,31,No Churn,0.0
TKT-0258,CUST-0250,Healthcare,Europe,Pro,v2.0,Onboarding,2024-12-09,Successfully Resolved,5.9,84.7,0,2.4,3,Detractor,1,1,1,48,2,229.73,0,72,No Churn,0.0
TKT-0259,CUST-0080,Healthcare,North America,Enterprise,v1.0,Integration,2023-09-07,Successfully Resolved,3.3,76.1,0,2.7,3,Detractor,0,0,0,8,3,804.7,1,30,0-30 Days,9656.4
TKT-0260,CUST-0098,SaaS,Europe,Enterprise,v2.0,Billing,2023-11-10,Successfully Resolved,7.1,78.0,1,3.7,6,Detractor,0,1,0,1,3,953.0,0,8,No Churn,0.0
TKT-0261,CUST-0152,Healthcare,North America,Basic,v2.0,Billing,2024-11-10,Successfully Resolved,7.2,62.7,1,3.7,10,Promoter,0,0,0,26,5,58.11,1,27,0-30 Days,697.32
TKT-0262,CUST-0112,Retail,Asia-Pacific,Basic,v2.5,Integration,2024-08-18,Successfully Resolved,6.7,91.4,1,5.0,6,Detractor,0,1,0,51,2,47.29,0,90,No Churn,0.0
TKT-0263,CUST-0030,SaaS,North America,Basic,v1.0,Onboarding,2024-01-13,Successfully Resolved,3.3,90.9,1,4.1,6,Detractor,0,0,0,43,0,56.84,1,21,0-30 Days,682.08
TKT-0264,CUST-0297,E-Commerce,Europe,Pro,v2.0,Integration,2024-04-29,Successfully Resolved,2.8,62.3,0,4.0,7,Passive,0,5,1,49,3,228.19,1,23,0-30 Days,2738.28
TKT-0265,CUST-0278,Retail,North America,Basic,v1.5,Onboarding,2024-07-20,Successfully Resolved,3.6,88.4,0,1.9,4,Detractor,1,5,1,25,3,45.26,0,12,No Churn,0.0
TKT-0266,CUST-0032,Finance,North America,Pro,v1.5,Integration,2024-06-27,Successfully Resolved,2.4,82.8,0,4.5,3,Detractor,0,4,0,10,5,212.63,1,90,61-90 Days,2551.56
TKT-0267,CUST-0161,Healthcare,North America,Enterprise,v2.0,Technical,2023-12-19,Successfully Resolved,10.7,65.7,0,3.2,3,Detractor,2,3,1,12,2,699.48,1,14,0-30 Days,8393.76
TKT-0268,CUST-0030,Finance,Europe,Enterprise,v2.0,Feature Request,2024-03-11,Successfully Resolved,3.8,63.5,1,3.8,5,Detractor,1,0,0,41,1,913.14,0,70,No Churn,0.0
TKT-0269,CUST-0026,E-Commerce,Europe,Basic,v1.5,Performance,2024-07-17,Successfully Resolved,5.6,82.5,1,3.2,8,Passive,0,0,0,7,3,44.64,0,20,No Churn,0.0
TKT-0270,CUST-0300,SaaS,North America,Enterprise,v1.5,Onboarding,2023-12-05,Successfully Resolved,8.9,73.2,0,3.7,1,Detractor,2,1,0,12,0,698.95,1,2,0-30 Days,8387.4
TKT-0271,CUST-0245,Finance,Asia-Pacific,Basic,v2.0,Billing,2023-12-27,Successfully Resolved,2.3,99.0,1,3.8,10,Promoter,0,1,0,47,4,48.51,0,32,No Churn,0.0
TKT-0272,CUST-0258,Finance,Middle East,Enterprise,v2.5,Technical,2024-12-20,Successfully Resolved,1.4,89.4,0,3.9,4,Detractor,3,6,1,40,5,840.49,1,9,0-30 Days,10085.88
TKT-0273,CUST-0272,Retail,Asia-Pacific,Basic,v2.5,Billing,2024-04-09,Successfully Resolved,2.5,83.7,1,5.0,7,Passive,2,0,0,17,2,56.31,1,82,61-90 Days,675.72
TKT-0274,CUST-0081,Retail,North America,Pro,v2.5,Technical,2023-10-05,Successfully Resolved,6.1,84.3,1,3.4,7,Passive,0,1,0,5,5,237.01,1,26,0-30 Days,2844.12
TKT-0275,CUST-0030,E-Commerce,Europe,Enterprise,v2.5,Technical,2023-11-10,Successfully Resolved,5.8,94.0,0,3.9,5,Detractor,3,0,1,14,3,802.05,0,61,No Churn,0.0
TKT-0276,CUST-0261,E-Commerce,North America,Basic,v1.5,Onboarding,2023-09-15,Successfully Resolved,6.7,88.2,1,3.9,7,Passive,0,1,0,34,3,42.69,0,25,No Churn,0.0
TKT-0277,CUST-0042,Finance,North America,Basic,v2.0,Onboarding,2023-08-25,Successfully Resolved,4.6,84.0,0,3.5,4,Detractor,2,5,1,48,4,54.5,1,21,0-30 Days,654.0
TKT-0278,CUST-0096,Healthcare,Middle East,Pro,v2.0,Technical,2023-05-04,Successfully Resolved,0.5,66.2,0,2.8,6,Detractor,2,2,1,17,3,208.51,1,15,0-30 Days,2502.12
TKT-0279,CUST-0036,Finance,North America,Pro,v1.5,Onboarding,2023-07-17,Successfully Resolved,4.5,99.0,0,3.0,5,Detractor,1,2,1,35,3,200.35,1,14,0-30 Days,2404.2
TKT-0280,CUST-0035,Finance,Europe,Pro,v2.5,Billing,2023-11-20,Successfully Resolved,9.7,64.8,0,3.0,2,Detractor,2,0,1,55,3,190.69,0,56,No Churn,0.0
TKT-0281,CUST-0121,Retail,Europe,Pro,v1.0,Billing,2023-05-03,Successfully Resolved,11.5,74.2,1,4.7,6,Detractor,0,1,0,1,2,204.14,0,40,No Churn,0.0
TKT-0282,CUST-0207,E-Commerce,Asia-Pacific,Pro,v2.5,Billing,2024-07-02,Successfully Resolved,5.4,58.1,0,4.1,1,Detractor,2,2,1,59,2,192.74,1,1,0-30 Days,2312.88
TKT-0283,CUST-0062,E-Commerce,Europe,Basic,v2.0,Onboarding,2024-12-07,Successfully Resolved,5.8,84.5,1,4.7,9,Promoter,1,2,0,50,4,54.63,1,17,0-30 Days,655.56
TKT-0284,CUST-0292,SaaS,North America,Basic,v2.0,Technical,2023-07-09,Successfully Resolved,7.8,79.8,1,3.7,9,Promoter,0,1,0,50,5,50.98,1,17,0-30 Days,611.76
TKT-0285,CUST-0127,Healthcare,North America,Basic,v2.0,Technical,2023-07-16,Successfully Resolved,11.3,87.2,1,5.0,6,Detractor,0,0,0,36,4,56.69,1,90,61-90 Days,680.28
TKT-0286,CUST-0297,SaaS,Europe,Enterprise,v2.5,Technical,2023-08-10,Successfully Resolved,5.0,57.1,1,5.0,10,Promoter,0,1,0,15,2,831.15,0,70,No Churn,0.0
TKT-0287,CUST-0021,E-Commerce,North America,Pro,v2.0,Integration,2024-05-10,Successfully Resolved,7.7,91.4,1,4.0,10,Promoter,0,0,0,19,2,185.74,1,47,31-60 Days,2228.88
TKT-0288,CUST-0042,E-Commerce,North America,Pro,v2.0,Billing,2023-10-11,Successfully Resolved,3.2,68.3,1,3.5,8,Passive,0,0,0,51,3,228.43,0,57,No Churn,0.0
TKT-0289,CUST-0215,SaaS,North America,Pro,v1.0,Onboarding,2024-08-26,Successfully Resolved,1.6,76.2,1,3.4,6,Detractor,1,0,0,42,3,207.96,0,1,No Churn,0.0
TKT-0290,CUST-0299,Healthcare,North America,Enterprise,v2.0,Feature Request,2024-06-21,Successfully Resolved,3.4,89.2,0,2.2,5,Detractor,2,2,1,5,4,736.99,1,25,0-30 Days,8843.88
TKT-0291,CUST-0290,SaaS,North America,Basic,v1.5,Integration,2024-09-03,Successfully Resolved,13.0,81.1,1,4.1,6,Detractor,1,0,0,19,2,52.34,0,39,No Churn,0.0
TKT-0292,CUST-0268,SaaS,North America,Pro,v2.0,Performance,2023-10-17,Successfully Resolved,7.8,82.0,0,2.8,6,Detractor,0,4,0,43,2,194.06,1,90,61-90 Days,2328.72
TKT-0293,CUST-0162,Finance,Europe,Pro,v2.0,Billing,2023-04-13,Successfully Resolved,1.8,87.6,0,2.7,5,Detractor,3,3,0,39,3,227.96,1,90,61-90 Days,2735.52
TKT-0294,CUST-0134,E-Commerce,Asia-Pacific,Pro,v2.0,Billing,2023-07-18,Successfully Resolved,8.1,83.1,0,3.1,5,Detractor,0,2,0,5,6,200.72,1,9,0-30 Days,2408.64
TKT-0295,CUST-0105,SaaS,Asia-Pacific,Basic,v1.0,Integration,2023-10-31,Successfully Resolved,1.9,73.9,1,3.4,10,Promoter,0,0,0,52,5,54.11,1,11,0-30 Days,649.32
TKT-0296,CUST-0161,E-Commerce,North America,Enterprise,v1.0,Technical,2023-08-21,Successfully Resolved,6.6,76.0,0,2.1,3,Detractor,1,3,1,12,5,705.87,1,8,0-30 Days,8470.44
TKT-0297,CUST-0123,Finance,North America,Enterprise,v2.0,Onboarding,2024-01-05,Successfully Resolved,2.3,80.5,1,4.8,6,Detractor,1,1,0,19,0,789.9,0,28,No Churn,0.0
TKT-0298,CUST-0136,SaaS,North America,Pro,v1.0,Feature Request,2023-07-03,Successfully Resolved,1.7,67.3,0,4.1,6,Detractor,4,3,1,47,4,237.63,1,42,31-60 Days,2851.56
TKT-0299,CUST-0203,Healthcare,Europe,Pro,v1.0,Feature Request,2023-11-06,Successfully Resolved,14.4,90.0,1,4.1,7,Passive,1,0,0,12,4,225.46,0,2,No Churn,0.0
TKT-0300,CUST-0068,SaaS,Asia-Pacific,Enterprise,v1.0,Performance,2023-01-15,Successfully Resolved,3.8,81.5,0,3.1,7,Passive,5,2,1,36,3,723.88,1,90,61-90 Days,8686.56
TKT-0301,CUST-0154,SaaS,North America,Pro,v2.5,Performance,2024-12-26,Successfully Resolved,7.7,78.9,0,2.7,6,Detractor,0,6,1,12,4,188.5,1,3,0-30 Days,2262.0
TKT-0302,CUST-0235,E-Commerce,Middle East,Basic,v2.0,Feature Request,2024-06-30,Successfully Resolved,5.2,92.3,1,4.2,7,Passive,0,1,0,18,2,47.31,1,42,31-60 Days,567.72
TKT-0303,CUST-0162,E-Commerce,North America,Pro,v1.5,Technical,2023-05-10,Successfully Resolved,2.0,76.6,1,3.8,4,Detractor,0,0,0,49,2,214.45,0,39,No Churn,0.0
TKT-0304,CUST-0038,Healthcare,Europe,Pro,v1.5,Integration,2023-10-08,Successfully Resolved,4.2,75.8,0,4.2,2,Detractor,2,2,0,51,1,221.87,1,89,61-90 Days,2662.44
TKT-0305,CUST-0005,Finance,Asia-Pacific,Pro,v1.5,Billing,2023-02-16,Successfully Resolved,2.1,72.2,1,4.5,7,Passive,0,0,0,48,5,221.35,0,75,No Churn,0.0
TKT-0306,CUST-0235,Retail,Middle East,Pro,v2.5,Technical,2023-02-25,Successfully Resolved,21.4,82.1,0,2.7,5,Detractor,0,3,0,43,2,204.66,1,17,0-30 Days,2455.92
TKT-0307,CUST-0289,E-Commerce,Asia-Pacific,Enterprise,v2.0,Integration,2024-07-20,Successfully Resolved,8.7,81.7,1,3.5,9,Promoter,0,0,0,34,0,905.9,1,11,0-30 Days,10870.8
TKT-0308,CUST-0052,E-Commerce,Asia-Pacific,Enterprise,v1.5,Technical,2023-10-27,Successfully Resolved,5.1,70.0,1,3.8,7,Passive,0,0,0,48,3,801.38,1,33,31-60 Days,9616.56
TKT-0309,CUST-0038,Finance,North America,Pro,v1.5,Technical,2024-12-15,Successfully Resolved,7.4,75.9,0,2.2,3,Detractor,3,1,0,33,3,177.78,1,90,61-90 Days,2133.36
TKT-0310,CUST-0276,SaaS,Asia-Pacific,Basic,v1.0,Billing,2023-05-10,Successfully Resolved,8.3,70.1,0,3.1,4,Detractor,2,1,0,49,5,51.33,0,90,No Churn,0.0
TKT-0311,CUST-0110,E-Commerce,North America,Enterprise,v2.0,Integration,2024-10-15,Successfully Resolved,8.3,69.5,0,3.0,5,Detractor,1,0,1,18,1,945.46,1,6,0-30 Days,11345.52
TKT-0312,CUST-0260,SaaS,Middle East,Enterprise,v2.5,Onboarding,2024-05-17,Successfully Resolved,8.1,57.2,1,4.3,10,Promoter,0,0,0,57,6,900.91,1,57,31-60 Days,10810.92
TKT-0313,CUST-0136,SaaS,Europe,Basic,v1.5,Feature Request,2023-04-16,Successfully Resolved,7.7,75.2,0,3.6,7,Passive,2,1,1,29,3,51.57,1,3,0-30 Days,618.84
TKT-0314,CUST-0068,Retail,Asia-Pacific,Enterprise,v1.0,Technical,2023-01-13,Successfully Resolved,5.4,57.6,1,3.9,6,Detractor,1,0,0,45,1,860.03,1,29,0-30 Days,10320.36
TKT-0315,CUST-0179,Finance,Europe,Enterprise,v1.0,Integration,2024-08-10,Successfully Resolved,13.7,72.4,1,3.6,8,Passive,1,1,0,5,4,939.38,1,4,0-30 Days,11272.56
TKT-0316,CUST-0036,Healthcare,Europe,Pro,v2.5,Integration,2023-10-19,Successfully Resolved,5.7,70.6,0,2.5,3,Detractor,2,1,0,25,3,198.98,1,20,0-30 Days,2387.76
TKT-0317,CUST-0126,E-Commerce,Europe,Pro,v1.5,Technical,2024-04-25,Successfully Resolved,5.2,90.6,1,4.8,6,Detractor,1,1,0,24,2,192.23,0,90,No Churn,0.0
TKT-0318,CUST-0190,SaaS,Asia-Pacific,Pro,v2.5,Technical,2024-05-05,Successfully Resolved,5.7,65.8,1,3.6,9,Promoter,0,0,0,29,4,237.21,1,49,31-60 Days,2846.52
TKT-0319,CUST-0146,SaaS,North America,Basic,v2.0,Technical,2024-03-27,Successfully Resolved,6.0,68.9,1,3.8,7,Passive,0,1,1,59,1,56.46,1,68,61-90 Days,677.52
TKT-0320,CUST-0081,SaaS,North America,Basic,v1.5,Performance,2023-12-15,Successfully Resolved,1.0,73.4,0,2.5,6,Detractor,1,5,0,38,0,47.19,1,9,0-30 Days,566.28
TKT-0321,CUST-0225,E-Commerce,North America,Enterprise,v1.5,Onboarding,2023-07-08,Successfully Resolved,2.4,71.0,1,5.0,8,Passive,0,1,0,33,5,808.85,0,40,No Churn,0.0
TKT-0322,CUST-0279,Finance,North America,Basic,v1.0,Performance,2023-02-22,Successfully Resolved,4.6,94.4,0,2.7,4,Detractor,1,1,1,10,1,48.77,1,90,61-90 Days,585.24
TKT-0323,CUST-0155,Healthcare,Middle East,Basic,v2.0,Technical,2023-09-16,Successfully Resolved,1.0,64.3,1,3.3,8,Passive,0,1,1,37,2,44.21,0,46,No Churn,0.0
TKT-0324,CUST-0271,SaaS,North America,Pro,v2.5,Integration,2024-05-04,Successfully Resolved,5.1,73.4,0,2.9,5,Detractor,2,2,1,33,2,235.86,1,1,0-30 Days,2830.32
TKT-0325,CUST-0005,Retail,Middle East,Pro,v2.0,Integration,2023-04-27,Successfully Resolved,5.9,82.0,0,3.0,2,Detractor,2,3,0,23,5,197.31,0,15,No Churn,0.0
TKT-0326,CUST-0284,Finance,North America,Enterprise,v2.0,Feature Request,2023-03-08,Successfully Resolved,1.5,88.6,1,3.4,8,Passive,0,0,0,58,3,923.94,1,42,31-60 Days,11087.28
TKT-0327,CUST-0154,Healthcare,North America,Basic,v1.0,Performance,2024-02-15,Successfully Resolved,3.0,73.4,1,4.0,6,Detractor,0,0,1,11,3,44.9,1,33,31-60 Days,538.8
TKT-0328,CUST-0054,Healthcare,Asia-Pacific,Basic,v2.5,Technical,2024-05-18,Successfully Resolved,11.8,55.0,1,3.9,6,Detractor,1,1,0,24,3,51.05,0,90,No Churn,0.0
TKT-0329,CUST-0069,E-Commerce,Asia-Pacific,Pro,v2.5,Billing,2023-03-17,Successfully Resolved,7.5,76.2,1,3.9,9,Promoter,0,1,0,24,6,170.82,1,61,61-90 Days,2049.84
TKT-0330,CUST-0136,SaaS,Europe,Pro,v1.5,Feature Request,2024-08-13,Successfully Resolved,7.2,94.2,0,3.5,3,Detractor,1,3,0,7,1,222.38,1,2,0-30 Days,2668.56
TKT-0331,CUST-0060,E-Commerce,Europe,Basic,v2.5,Feature Request,2024-10-06,Successfully Resolved,10.8,81.4,1,5.0,9,Promoter,0,0,1,50,3,51.61,0,34,No Churn,0.0
TKT-0332,CUST-0055,Finance,Asia-Pacific,Pro,v2.0,Onboarding,2024-12-03,Successfully Resolved,2.5,80.8,0,3.9,6,Detractor,0,2,1,21,5,212.72,1,90,61-90 Days,2552.64
TKT-0333,CUST-0284,SaaS,North America,Basic,v2.0,Technical,2023-02-24,Successfully Resolved,1.5,65.2,1,4.1,7,Passive,1,1,0,20,4,42.54,1,34,31-60 Days,510.48
TKT-0334,CUST-0080,SaaS,Middle East,Basic,v2.0,Onboarding,2023-06-05,Successfully Resolved,9.9,64.0,1,4.1,9,Promoter,1,0,0,53,0,45.27,0,33,No Churn,0.0
TKT-0335,CUST-0140,SaaS,Middle East,Pro,v2.5,Technical,2023-06-02,Successfully Resolved,4.7,78.2,0,2.5,4,Detractor,2,4,0,10,4,174.33,1,13,0-30 Days,2091.96
TKT-0336,CUST-0145,SaaS,Asia-Pacific,Pro,v2.0,Technical,2024-07-30,Successfully Resolved,2.4,60.9,1,4.1,7,Passive,0,1,0,25,1,189.27,1,24,0-30 Days,2271.24
TKT-0337,CUST-0108,Retail,North America,Enterprise,v1.0,Onboarding,2023-11-08,Successfully Resolved,1.0,87.4,1,4.1,8,Passive,1,0,0,47,3,854.61,0,9,No Churn,0.0
TKT-0338,CUST-0176,Finance,Asia-Pacific,Pro,v1.5,Feature Request,2023-03-29,Successfully Resolved,5.8,67.8,1,4.1,10,Promoter,0,0,1,36,3,208.58,0,38,No Churn,0.0
TKT-0339,CUST-0105,E-Commerce,North America,Pro,v2.5,Technical,2023-09-12,Successfully Resolved,4.3,77.7,1,3.6,9,Promoter,1,0,0,48,5,211.79,1,90,61-90 Days,2541.48
TKT-0340,CUST-0136,SaaS,North America,Pro,v1.5,Technical,2023-05-02,Successfully Resolved,3.7,55.4,1,4.0,7,Passive,0,0,0,47,2,207.41,1,59,31-60 Days,2488.92
TKT-0341,CUST-0259,E-Commerce,North America,Basic,v1.5,Technical,2024-07-25,Successfully Resolved,0.5,73.3,1,4.6,8,Passive,1,1,1,15,6,46.33,0,22,No Churn,0.0
TKT-0342,CUST-0251,E-Commerce,Europe,Pro,v2.0,Billing,2024-03-02,Successfully Resolved,13.6,63.8,0,3.0,2,Detractor,1,1,1,44,0,186.18,1,36,31-60 Days,2234.16
TKT-0343,CUST-0129,SaaS,Middle East,Basic,v2.0,Integration,2024-09-12,Successfully Resolved,1.3,50.1,1,4.2,9,Promoter,0,0,0,40,2,44.0,0,90,No Churn,0.0
TKT-0344,CUST-0027,E-Commerce,Asia-Pacific,Enterprise,v2.0,Performance,2024-09-02,Successfully Resolved,4.0,84.5,1,4.2,9,Promoter,0,0,0,40,3,916.59,1,12,0-30 Days,10999.08
TKT-0345,CUST-0048,E-Commerce,Asia-Pacific,Basic,v2.5,Technical,2024-09-25,Successfully Resolved,3.5,97.7,1,4.4,8,Passive,0,0,0,50,4,52.22,1,2,0-30 Days,626.64
TKT-0346,CUST-0217,Healthcare,Europe,Pro,v1.5,Integration,2023-08-20,Successfully Resolved,7.6,91.6,1,4.4,9,Promoter,0,3,0,6,0,182.14,0,74,No Churn,0.0
TKT-0347,CUST-0142,Healthcare,North America,Basic,v1.0,Integration,2024-06-19,Successfully Resolved,1.0,86.2,0,2.6,1,Detractor,2,3,0,37,2,44.69,1,8,0-30 Days,536.28
TKT-0348,CUST-0023,SaaS,North America,Enterprise,v1.5,Integration,2024-01-25,Successfully Resolved,7.0,73.0,0,3.6,3,Detractor,3,3,0,2,1,923.29,1,55,31-60 Days,11079.48
TKT-0349,CUST-0002,E-Commerce,Middle East,Pro,v2.5,Billing,2024-04-06,Successfully Resolved,5.8,87.7,1,3.4,10,Promoter,2,0,0,12,2,220.88,0,90,No Churn,0.0
TKT-0350,CUST-0171,Healthcare,North America,Pro,v2.0,Performance,2024-03-29,Successfully Resolved,2.8,92.7,0,4.3,4,Detractor,2,0,1,58,4,215.08,1,55,31-60 Days,2580.96
TKT-0351,CUST-0067,E-Commerce,Middle East,Basic,v1.5,Technical,2023-11-01,Successfully Resolved,6.8,79.6,1,4.6,9,Promoter,1,0,0,4,1,48.63,0,41,No Churn,0.0
TKT-0352,CUST-0135,Retail,Europe,Pro,v2.5,Technical,2024-08-25,Successfully Resolved,5.1,63.8,1,4.5,6,Detractor,0,0,0,23,8,187.4,0,1,No Churn,0.0
TKT-0353,CUST-0083,Healthcare,Europe,Basic,v2.5,Billing,2024-03-15,Successfully Resolved,15.7,72.0,1,4.6,7,Passive,1,1,0,13,6,58.45,0,15,No Churn,0.0
TKT-0354,CUST-0227,SaaS,Asia-Pacific,Enterprise,v2.5,Technical,2023-11-09,Successfully Resolved,4.3,98.4,1,4.0,10,Promoter,0,2,0,17,4,902.1,1,33,31-60 Days,10825.2
TKT-0355,CUST-0283,SaaS,Europe,Basic,v2.5,Billing,2024-08-05,Successfully Resolved,2.1,77.1,1,3.7,7,Passive,0,0,0,31,4,46.83,0,54,No Churn,0.0
TKT-0356,CUST-0219,Healthcare,Middle East,Basic,v1.5,Technical,2024-09-27,Successfully Resolved,7.1,38.1,1,3.5,8,Passive,0,0,0,16,2,56.19,0,44,No Churn,0.0
TKT-0357,CUST-0288,SaaS,Middle East,Basic,v2.5,Technical,2023-03-03,Successfully Resolved,3.9,60.4,1,3.4,8,Passive,0,0,0,41,3,54.67,1,74,61-90 Days,656.04
TKT-0358,CUST-0005,Healthcare,Europe,Pro,v2.0,Integration,2024-09-16,Successfully Resolved,5.0,72.9,0,1.9,5,Detractor,1,0,1,26,5,189.84,1,6,0-30 Days,2278.08
TKT-0359,CUST-0058,Retail,North America,Pro,v2.5,Integration,2023-04-12,Successfully Resolved,1.6,90.4,1,3.8,8,Passive,0,0,0,28,4,198.86,0,45,No Churn,0.0
TKT-0360,CUST-0039,Healthcare,Europe,Basic,v2.0,Technical,2023-08-01,Successfully Resolved,7.7,74.7,1,4.7,4,Detractor,0,0,0,1,3,44.84,0,5,No Churn,0.0
TKT-0361,CUST-0077,E-Commerce,Middle East,Enterprise,v2.5,Integration,2024-10-02,Successfully Resolved,3.4,90.7,0,3.7,5,Detractor,1,3,0,47,0,710.21,1,87,61-90 Days,8522.52
TKT-0362,CUST-0280,Healthcare,North America,Pro,v2.0,Integration,2023-08-05,Successfully Resolved,6.1,71.7,1,3.7,7,Passive,0,0,0,12,3,219.49,0,76,No Churn,0.0
TKT-0363,CUST-0019,E-Commerce,Europe,Pro,v1.5,Integration,2023-09-28,Successfully Resolved,18.3,54.4,1,3.4,10,Promoter,1,0,0,37,4,187.78,0,65,No Churn,0.0
TKT-0364,CUST-0190,E-Commerce,Europe,Pro,v2.0,Billing,2024-11-07,Successfully Resolved,4.1,72.1,0,2.0,3,Detractor,3,1,1,55,3,226.27,1,25,0-30 Days,2715.24
TKT-0365,CUST-0299,Retail,Asia-Pacific,Pro,v2.5,Feature Request,2023-03-25,Successfully Resolved,8.5,82.1,0,4.7,4,Detractor,1,1,1,56,2,238.49,1,86,61-90 Days,2861.88
TKT-0366,CUST-0283,E-Commerce,North America,Pro,v2.5,Performance,2023-06-10,Successfully Resolved,4.3,81.1,0,2.7,9,Promoter,1,2,1,50,2,174.49,1,62,61-90 Days,2093.88
TKT-0367,CUST-0076,Retail,Asia-Pacific,Basic,v1.0,Feature Request,2023-09-03,Successfully Resolved,2.9,62.9,0,2.9,6,Detractor,2,2,0,20,3,49.76,0,1,No Churn,0.0
TKT-0368,CUST-0221,Retail,Middle East,Basic,v1.5,Technical,2023-06-27,Successfully Resolved,12.1,73.8,0,4.2,3,Detractor,0,3,0,2,3,55.41,1,14,0-30 Days,664.92
TKT-0369,CUST-0066,SaaS,North America,Enterprise,v1.0,Onboarding,2024-07-19,Successfully Resolved,0.7,99.0,0,2.4,5,Detractor,2,2,1,36,5,899.78,1,20,0-30 Days,10797.36
TKT-0370,CUST-0022,SaaS,North America,Enterprise,v2.0,Onboarding,2023-03-18,Successfully Resolved,10.0,63.2,1,4.0,5,Detractor,0,0,0,15,1,891.68,0,63,No Churn,0.0
TKT-0371,CUST-0158,SaaS,Middle East,Pro,v2.5,Onboarding,2023-06-10,Successfully Resolved,0.6,85.9,1,3.9,8,Passive,0,0,0,38,3,193.46,0,90,No Churn,0.0
TKT-0372,CUST-0187,SaaS,North America,Basic,v1.5,Billing,2023-01-03,Successfully Resolved,9.3,52.8,1,3.3,6,Detractor,1,0,1,22,5,49.43,0,12,No Churn,0.0
TKT-0373,CUST-0021,SaaS,Middle East,Pro,v2.0,Technical,2024-02-23,Successfully Resolved,5.1,88.4,1,4.0,10,Promoter,0,0,0,44,3,210.59,0,90,No Churn,0.0
TKT-0374,CUST-0184,Healthcare,Europe,Pro,v2.5,Integration,2024-04-06,Successfully Resolved,2.1,67.3,0,1.8,5,Detractor,2,5,1,50,1,236.98,1,11,0-30 Days,2843.76
TKT-0375,CUST-0108,SaaS,North America,Basic,v2.0,Integration,2024-12-06,Successfully Resolved,3.6,82.8,0,3.2,5,Detractor,1,1,0,32,2,47.27,1,2,0-30 Days,567.24
TKT-0376,CUST-0128,E-Commerce,Middle East,Basic,v2.0,Billing,2024-08-31,Successfully Resolved,8.2,62.5,1,4.2,9,Promoter,1,0,1,59,3,57.48,0,21,No Churn,0.0
TKT-0377,CUST-0053,Finance,Europe,Pro,v2.0,Performance,2024-04-26,Successfully Resolved,17.2,81.5,1,3.7,9,Promoter,0,1,0,20,2,187.91,0,20,No Churn,0.0
TKT-0378,CUST-0182,SaaS,Europe,Pro,v2.0,Technical,2023-10-26,Successfully Resolved,1.1,67.1,0,2.7,3,Detractor,1,4,1,36,1,238.04,1,72,61-90 Days,2856.48
TKT-0379,CUST-0287,Finance,North America,Basic,v1.5,Feature Request,2023-02-03,Successfully Resolved,2.3,69.4,1,4.7,8,Passive,0,0,0,33,1,53.15,0,90,No Churn,0.0
TKT-0380,CUST-0209,SaaS,Europe,Basic,v2.0,Integration,2023-08-26,Successfully Resolved,1.4,83.3,0,3.4,4,Detractor,4,3,0,15,2,49.6,1,20,0-30 Days,595.2
TKT-0381,CUST-0080,SaaS,North America,Basic,v2.0,Integration,2023-10-23,Successfully Resolved,4.3,72.8,1,3.7,10,Promoter,1,0,0,50,2,52.17,1,23,0-30 Days,626.04
TKT-0382,CUST-0122,Healthcare,North America,Pro,v2.5,Performance,2024-12-24,Successfully Resolved,9.5,82.6,1,4.2,3,Detractor,0,0,1,46,3,188.13,0,90,No Churn,0.0
TKT-0383,CUST-0084,Healthcare,Middle East,Basic,v2.0,Technical,2023-10-17,Successfully Resolved,1.2,75.7,1,2.5,6,Detractor,0,0,0,3,2,46.35,0,27,No Churn,0.0
TKT-0384,CUST-0091,Retail,North America,Basic,v2.5,Integration,2024-12-20,Successfully Resolved,5.0,78.8,1,3.9,7,Passive,0,2,0,29,2,43.6,1,12,0-30 Days,523.2
TKT-0385,CUST-0212,Finance,Asia-Pacific,Enterprise,v1.5,Billing,2024-04-09,Successfully Resolved,9.3,83.3,0,2.9,5,Detractor,0,3,1,47,1,711.04,1,7,0-30 Days,8532.48
TKT-0386,CUST-0013,Finance,North America,Basic,v2.0,Feature Request,2023-03-14,Successfully Resolved,3.5,73.8,0,1.7,5,Detractor,3,1,1,27,4,47.61,1,18,0-30 Days,571.32
TKT-0387,CUST-0092,SaaS,Asia-Pacific,Pro,v1.0,Feature Request,2024-12-04,Successfully Resolved,5.8,66.0,0,4.0,4,Detractor,1,4,1,5,3,222.28,1,90,61-90 Days,2667.36
TKT-0388,CUST-0171,SaaS,North America,Basic,v1.5,Feature Request,2023-08-28,Successfully Resolved,11.5,71.6,1,4.1,7,Passive,1,2,0,59,3,52.08,0,78,No Churn,0.0
TKT-0389,CUST-0211,Finance,Middle East,Basic,v2.0,Technical,2023-09-28,Successfully Resolved,1.9,92.3,1,2.5,8,Passive,1,0,0,56,1,43.41,1,38,31-60 Days,520.92
TKT-0390,CUST-0128,Finance,Europe,Basic,v2.5,Integration,2024-10-02,Successfully Resolved,0.8,79.4,0,5.0,5,Detractor,1,1,0,31,7,56.27,1,90,61-90 Days,675.24
TKT-0391,CUST-0137,Retail,North America,Pro,v1.0,Billing,2024-08-26,Successfully Resolved,6.3,67.9,0,2.4,8,Passive,0,0,0,22,5,211.04,1,1,0-30 Days,2532.48
TKT-0392,CUST-0082,E-Commerce,North America,Enterprise,v2.0,Billing,2024-11-08,Successfully Resolved,6.5,82.8,1,4.9,10,Promoter,0,1,1,35,2,947.85,1,3,0-30 Days,11374.2
TKT-0393,CUST-0056,E-Commerce,North America,Enterprise,v2.5,Feature Request,2023-07-22,Successfully Resolved,3.3,83.6,1,4.3,8,Passive,1,0,0,54,5,866.57,1,16,0-30 Days,10398.84
TKT-0394,CUST-0196,Finance,Europe,Pro,v1.5,Technical,2024-03-11,Successfully Resolved,2.8,84.2,0,2.7,4,Detractor,3,3,1,7,2,181.35,1,36,31-60 Days,2176.2
TKT-0395,CUST-0020,E-Commerce,North America,Pro,v2.0,Integration,2023-04-28,Successfully Resolved,5.1,66.3,1,4.8,7,Passive,1,1,0,6,7,202.15,1,9,0-30 Days,2425.8
TKT-0396,CUST-0241,Retail,Asia-Pacific,Basic,v2.0,Technical,2024-07-11,Successfully Resolved,1.9,69.8,1,2.7,5,Detractor,0,3,1,26,2,52.77,0,90,No Churn,0.0
TKT-0397,CUST-0114,Retail,Europe,Basic,v2.0,Billing,2023-08-19,Successfully Resolved,1.9,69.9,1,3.8,9,Promoter,0,0,0,54,2,42.13,0,80,No Churn,0.0
TKT-0398,CUST-0103,E-Commerce,North America,Enterprise,v1.5,Integration,2024-10-25,Successfully Resolved,8.1,73.7,1,3.6,7,Passive,0,0,0,1,3,683.32,0,17,No Churn,0.0
TKT-0399,CUST-0236,Finance,Europe,Basic,v1.5,Onboarding,2023-06-02,Successfully Resolved,1.7,84.5,0,2.8,5,Detractor,1,4,1,19,2,43.87,1,38,31-60 Days,526.44
TKT-0400,CUST-0180,Finance,Asia-Pacific,Basic,v2.5,Billing,2023-09-30,Successfully Resolved,0.9,81.6,0,3.2,5,Detractor,1,1,0,7,3,45.97,1,14,0-30 Days,551.64
TKT-0401,CUST-0157,SaaS,North America,Basic,v2.0,Feature Request,2023-05-26,Successfully Resolved,2.8,82.5,1,4.9,6,Detractor,1,0,1,36,2,49.02,0,90,No Churn,0.0
TKT-0402,CUST-0117,Retail,North America,Basic,v1.0,Onboarding,2023-03-15,Successfully Resolved,3.4,94.2,1,4.0,6,Detractor,2,0,1,12,2,50.01,0,90,No Churn,0.0
TKT-0403,CUST-0115,E-Commerce,North America,Basic,v2.5,Onboarding,2023-03-03,Successfully Resolved,7.0,86.3,1,4.3,7,Passive,0,1,1,20,2,44.02,0,39,No Churn,0.0
TKT-0404,CUST-0013,Finance,Asia-Pacific,Pro,v1.0,Technical,2023-06-19,Successfully Resolved,3.0,76.3,1,4.2,8,Passive,0,0,0,23,3,216.05,0,81,No Churn,0.0
TKT-0405,CUST-0099,E-Commerce,Asia-Pacific,Pro,v2.0,Integration,2023-11-11,Successfully Resolved,12.8,63.8,1,4.9,7,Passive,0,1,0,25,8,210.67,1,45,31-60 Days,2528.04
TKT-0406,CUST-0205,Retail,Europe,Enterprise,v1.5,Integration,2024-09-01,Successfully Resolved,5.3,69.4,1,3.0,4,Detractor,0,1,0,30,5,761.5,0,44,No Churn,0.0
TKT-0407,CUST-0169,E-Commerce,Asia-Pacific,Enterprise,v2.5,Feature Request,2024-08-05,Successfully Resolved,2.5,74.9,1,4.2,6,Detractor,0,1,0,59,4,682.97,1,6,0-30 Days,8195.64
TKT-0408,CUST-0143,SaaS,Asia-Pacific,Basic,v1.5,Billing,2023-10-23,Successfully Resolved,6.8,87.9,1,4.8,7,Passive,0,0,0,29,6,42.98,1,7,0-30 Days,515.76
TKT-0409,CUST-0036,Retail,Europe,Basic,v1.5,Integration,2024-03-25,Successfully Resolved,12.6,77.7,1,4.0,7,Passive,1,0,0,31,2,48.37,0,41,No Churn,0.0
TKT-0410,CUST-0143,SaaS,Middle East,Pro,v1.0,Feature Request,2023-05-08,Successfully Resolved,8.0,70.1,1,3.5,8,Passive,0,0,1,18,2,179.87,0,17,No Churn,0.0
TKT-0411,CUST-0180,E-Commerce,North America,Pro,v1.5,Feature Request,2024-04-24,Successfully Resolved,1.1,69.2,1,3.7,8,Passive,0,0,1,41,5,195.4,1,1,0-30 Days,2344.8
TKT-0412,CUST-0261,Retail,North America,Basic,v2.5,Technical,2024-12-06,Successfully Resolved,3.7,77.2,1,3.9,7,Passive,1,0,0,19,3,52.42,0,70,No Churn,0.0
TKT-0413,CUST-0205,Retail,North America,Pro,v2.5,Integration,2023-11-08,Successfully Resolved,6.0,88.7,0,2.0,4,Detractor,0,3,1,54,3,207.27,1,1,0-30 Days,2487.24
TKT-0414,CUST-0275,Healthcare,North America,Pro,v1.5,Feature Request,2024-12-17,Successfully Resolved,7.7,97.1,1,4.0,8,Passive,0,0,0,4,1,185.25,0,49,No Churn,0.0
TKT-0415,CUST-0170,Healthcare,Europe,Pro,v2.0,Billing,2024-02-17,Successfully Resolved,4.3,75.5,1,5.0,8,Passive,0,0,0,1,3,193.1,1,42,31-60 Days,2317.2
TKT-0416,CUST-0015,E-Commerce,Middle East,Pro,v2.0,Technical,2023-10-06,Successfully Resolved,3.9,77.5,0,3.3,4,Detractor,2,3,1,41,6,211.92,1,5,0-30 Days,2543.04
TKT-0417,CUST-0060,SaaS,North America,Basic,v2.5,Integration,2024-05-27,Successfully Resolved,15.7,63.4,0,1.0,3,Detractor,3,3,0,59,3,56.41,1,9,0-30 Days,676.92
TKT-0418,CUST-0134,E-Commerce,North America,Enterprise,v2.0,Billing,2024-07-06,Successfully Resolved,8.0,99.0,1,4.4,7,Passive,0,2,1,15,0,889.79,0,3,No Churn,0.0
TKT-0419,CUST-0092,Healthcare,Europe,Enterprise,v1.5,Performance,2024-05-20,Successfully Resolved,6.8,61.2,0,3.7,3,Detractor,0,1,1,54,3,833.91,1,1,0-30 Days,10006.92
TKT-0420,CUST-0298,Finance,Middle East,Basic,v2.0,Feature Request,2024-03-24,Successfully Resolved,3.1,92.1,1,3.3,8,Passive,1,3,0,8,4,47.86,0,90,No Churn,0.0
TKT-0421,CUST-0136,Finance,North America,Enterprise,v2.0,Onboarding,2023-03-24,Successfully Resolved,1.8,73.6,1,4.1,10,Promoter,1,0,0,15,2,781.24,0,90,No Churn,0.0
TKT-0422,CUST-0020,Finance,Europe,Pro,v1.0,Technical,2024-09-04,Successfully Resolved,6.9,70.8,1,4.0,5,Detractor,0,1,0,15,1,230.4,1,30,0-30 Days,2764.8
TKT-0423,CUST-0056,SaaS,North America,Enterprise,v2.0,Technical,2023-02-10,Successfully Resolved,8.7,64.7,0,3.5,7,Passive,0,0,0,50,3,690.12,1,1,0-30 Days,8281.44
TKT-0424,CUST-0223,E-Commerce,North America,Enterprise,v1.5,Performance,2024-03-18,Successfully Resolved,5.0,99.0,0,3.6,5,Detractor,1,4,1,39,2,955.44,0,65,No Churn,0.0
TKT-0425,CUST-0177,SaaS,Middle East,Pro,v2.5,Technical,2023-11-27,Successfully Resolved,8.1,80.7,1,4.7,9,Promoter,0,1,1,22,8,215.42,0,11,No Churn,0.0
TKT-0426,CUST-0161,E-Commerce,Middle East,Basic,v1.0,Integration,2024-09-10,Successfully Resolved,8.2,78.3,1,4.0,7,Passive,0,0,0,18,2,53.33,0,52,No Churn,0.0
TKT-0427,CUST-0224,E-Commerce,North America,Basic,v2.0,Technical,2023-09-14,Successfully Resolved,9.1,88.6,0,4.2,2,Detractor,1,1,1,16,3,42.3,1,42,31-60 Days,507.6
TKT-0428,CUST-0262,Retail,Middle East,Pro,v2.0,Billing,2023-01-27,Successfully Resolved,1.1,70.2,1,3.3,8,Passive,0,1,0,2,6,211.33,1,2,0-30 Days,2535.96
TKT-0429,CUST-0060,E-Commerce,Europe,Pro,v2.0,Billing,2023-04-04,Successfully Resolved,3.7,78.0,1,5.0,10,Promoter,0,0,0,36,6,202.91,1,23,0-30 Days,2434.92
TKT-0430,CUST-0198,SaaS,Middle East,Basic,v1.0,Onboarding,2023-08-23,Successfully Resolved,7.2,78.7,0,3.6,3,Detractor,2,1,0,20,4,43.46,1,28,0-30 Days,521.52
TKT-0431,CUST-0296,SaaS,Europe,Basic,v2.0,Performance,2024-11-21,Successfully Resolved,5.2,71.9,0,3.8,3,Detractor,1,4,1,16,6,46.42,1,19,0-30 Days,557.04
TKT-0432,CUST-0098,Finance,Europe,Enterprise,v2.0,Technical,2024-08-12,Successfully Resolved,8.2,92.4,0,2.4,6,Detractor,0,2,1,3,7,928.13,0,90,No Churn,0.0
TKT-0433,CUST-0131,Healthcare,Europe,Enterprise,v2.0,Technical,2024-08-24,Successfully Resolved,6.8,75.4,0,2.3,4,Detractor,1,3,1,56,2,832.95,1,39,31-60 Days,9995.4
TKT-0434,CUST-0023,SaaS,Asia-Pacific,Pro,v2.0,Technical,2023-01-22,Successfully Resolved,0.5,59.4,1,4.6,10,Promoter,0,0,0,30,2,197.94,0,90,No Churn,0.0
TKT-0435,CUST-0224,SaaS,North America,Basic,v2.0,Onboarding,2024-11-19,Successfully Resolved,10.6,74.4,0,1.6,6,Detractor,2,5,0,55,0,42.9,1,5,0-30 Days,514.8
TKT-0436,CUST-0001,Finance,North America,Basic,v2.5,Technical,2023-10-03,Successfully Resolved,3.4,81.0,1,3.9,6,Detractor,0,0,1,2,5,53.9,1,42,31-60 Days,646.8
TKT-0437,CUST-0267,SaaS,North America,Basic,v1.5,Integration,2024-08-13,Successfully Resolved,2.3,67.3,1,4.5,6,Detractor,0,1,0,35,5,53.7,0,4,No Churn,0.0
TKT-0438,CUST-0276,Finance,Asia-Pacific,Enterprise,v2.5,Onboarding,2023-02-11,Successfully Resolved,10.3,68.2,1,4.5,7,Passive,0,0,0,26,3,850.87,0,90,No Churn,0.0
TKT-0439,CUST-0101,Finance,North America,Basic,v2.0,Onboarding,2023-06-29,Successfully Resolved,7.8,71.4,1,4.2,7,Passive,0,0,0,57,3,50.4,0,79,No Churn,0.0
TKT-0440,CUST-0187,SaaS,Asia-Pacific,Pro,v1.0,Billing,2024-04-26,Successfully Resolved,11.3,92.7,1,4.1,8,Passive,0,0,1,5,3,199.36,1,59,31-60 Days,2392.32
TKT-0441,CUST-0221,SaaS,Middle East,Basic,v1.0,Performance,2024-06-15,Successfully Resolved,6.1,72.2,1,4.4,8,Passive,1,0,0,2,7,51.82,0,90,No Churn,0.0
TKT-0442,CUST-0036,Retail,North America,Pro,v1.5,Technical,2024-10-29,Successfully Resolved,3.7,95.1,0,2.5,2,Detractor,5,0,1,51,0,185.41,0,2,No Churn,0.0
TKT-0443,CUST-0170,E-Commerce,Asia-Pacific,Pro,v2.5,Billing,2024-03-28,Successfully Resolved,5.6,70.6,1,3.9,9,Promoter,2,0,0,56,2,234.71,0,90,No Churn,0.0
TKT-0444,CUST-0161,E-Commerce,Europe,Enterprise,v2.0,Feature Request,2023-10-12,Successfully Resolved,2.0,81.9,1,3.1,7,Passive,0,0,1,20,4,843.81,0,68,No Churn,0.0
TKT-0445,CUST-0064,Finance,Middle East,Basic,v2.5,Onboarding,2023-07-05,Successfully Resolved,1.4,72.6,0,3.7,3,Detractor,1,3,0,34,3,46.99,1,21,0-30 Days,563.88
TKT-0446,CUST-0154,Retail,North America,Basic,v2.0,Technical,2024-08-22,Successfully Resolved,2.9,87.0,1,3.7,7,Passive,1,0,0,34,2,49.36,1,40,31-60 Days,592.32
TKT-0447,CUST-0260,Retail,Asia-Pacific,Basic,v2.0,Technical,2024-03-22,Successfully Resolved,13.6,64.6,1,3.2,9,Promoter,0,3,1,54,3,55.47,1,6,0-30 Days,665.64
TKT-0448,CUST-0159,Finance,Asia-Pacific,Enterprise,v1.0,Integration,2024-10-12,Successfully Resolved,3.2,86.9,1,3.6,8,Passive,0,0,0,56,2,724.35,1,41,31-60 Days,8692.2
TKT-0449,CUST-0210,E-Commerce,Middle East,Enterprise,v1.5,Billing,2024-05-18,Successfully Resolved,0.9,79.4,1,4.2,8,Passive,0,1,0,55,2,761.04,1,7,0-30 Days,9132.48
TKT-0450,CUST-0168,SaaS,Asia-Pacific,Pro,v2.0,Integration,2023-04-04,Successfully Resolved,4.4,70.3,1,4.0,5,Detractor,2,0,0,20,3,216.48,0,49,No Churn,0.0
TKT-0451,CUST-0207,Finance,Europe,Pro,v1.0,Onboarding,2024-04-26,Successfully Resolved,3.2,76.0,1,3.4,8,Passive,0,0,0,50,3,191.12,0,36,No Churn,0.0
TKT-0452,CUST-0152,Healthcare,Europe,Pro,v1.5,Technical,2023-12-23,Successfully Resolved,10.7,96.4,1,3.1,9,Promoter,1,0,0,25,2,224.35,0,53,No Churn,0.0
TKT-0453,CUST-0284,E-Commerce,Middle East,Basic,v2.0,Technical,2024-02-23,Successfully Resolved,13.0,79.7,1,4.1,4,Detractor,0,1,1,20,3,43.89,1,1,0-30 Days,526.68
TKT-0454,CUST-0066,Retail,Europe,Enterprise,v2.0,Technical,2023-12-08,Successfully Resolved,3.6,69.6,1,3.8,7,Passive,0,0,0,25,1,892.44,1,11,0-30 Days,10709.28
TKT-0455,CUST-0099,SaaS,North America,Pro,v2.5,Integration,2023-11-25,Successfully Resolved,6.1,63.5,1,3.9,9,Promoter,1,0,0,53,2,173.91,1,37,31-60 Days,2086.92
TKT-0456,CUST-0216,E-Commerce,Middle East,Pro,v2.5,Onboarding,2024-11-17,Successfully Resolved,6.5,84.1,0,3.4,5,Detractor,1,2,0,14,5,170.03,1,21,0-30 Days,2040.36
TKT-0457,CUST-0195,SaaS,Asia-Pacific,Pro,v2.0,Technical,2023-04-18,Successfully Resolved,4.8,80.4,0,2.5,3,Detractor,2,1,1,47,4,231.71,0,24,No Churn,0.0
TKT-0458,CUST-0090,E-Commerce,Asia-Pacific,Basic,v2.0,Onboarding,2023-06-14,Successfully Resolved,4.2,86.3,1,4.6,8,Passive,1,0,0,44,3,51.62,0,30,No Churn,0.0
TKT-0459,CUST-0292,SaaS,North America,Basic,v2.0,Performance,2023-12-04,Successfully Resolved,2.2,60.5,1,4.2,5,Detractor,0,1,0,43,5,47.68,0,68,No Churn,0.0
TKT-0460,CUST-0155,SaaS,Asia-Pacific,Pro,v2.5,Technical,2024-02-26,Successfully Resolved,0.7,63.9,0,3.0,3,Detractor,2,0,1,43,2,185.35,1,90,61-90 Days,2224.2
TKT-0461,CUST-0208,SaaS,North America,Basic,v1.0,Performance,2024-12-11,Successfully Resolved,2.2,91.8,1,4.1,6,Detractor,0,0,0,39,6,52.23,1,19,0-30 Days,626.76
TKT-0462,CUST-0281,Healthcare,Asia-Pacific,Pro,v2.0,Technical,2024-05-22,Successfully Resolved,4.7,82.0,1,3.9,10,Promoter,0,0,0,12,2,204.6,1,29,0-30 Days,2455.2
TKT-0463,CUST-0001,Finance,North America,Basic,v2.5,Billing,2023-10-23,Successfully Resolved,1.2,84.4,1,3.1,4,Detractor,0,0,0,48,3,58.66,0,13,No Churn,0.0
TKT-0464,CUST-0156,Healthcare,Asia-Pacific,Pro,v1.5,Technical,2024-11-09,Successfully Resolved,5.8,66.4,0,2.9,2,Detractor,0,4,1,5,4,237.63,1,90,61-90 Days,2851.56
TKT-0465,CUST-0147,Retail,Middle East,Basic,v2.0,Technical,2024-02-15,Successfully Resolved,5.3,66.2,0,2.7,5,Detractor,1,0,0,2,1,52.54,1,32,31-60 Days,630.48
TKT-0466,CUST-0108,E-Commerce,North America,Pro,v2.0,Technical,2024-07-17,Successfully Resolved,3.2,89.9,1,5.0,8,Passive,0,1,0,54,5,200.0,1,25,0-30 Days,2400.0
TKT-0467,CUST-0221,SaaS,Middle East,Pro,v1.5,Billing,2023-02-07,Successfully Resolved,4.0,90.5,0,3.3,4,Detractor,1,3,1,16,2,203.36,0,90,No Churn,0.0
TKT-0468,CUST-0297,Retail,Europe,Basic,v1.5,Performance,2024-04-10,Successfully Resolved,1.5,64.9,1,3.4,8,Passive,0,1,0,55,3,53.35,1,13,0-30 Days,640.2
TKT-0469,CUST-0165,SaaS,Middle East,Pro,v1.5,Integration,2023-04-01,Successfully Resolved,9.0,62.6,0,4.6,3,Detractor,1,3,0,30,5,176.22,1,36,31-60 Days,2114.64
TKT-0470,CUST-0239,Retail,Asia-Pacific,Pro,v1.0,Feature Request,2023-11-19,Successfully Resolved,8.8,76.7,1,5.0,8,Passive,0,1,0,47,1,192.02,1,12,0-30 Days,2304.24
TKT-0471,CUST-0227,SaaS,Europe,Pro,v1.0,Billing,2023-09-16,Successfully Resolved,1.7,68.4,1,4.1,8,Passive,0,0,0,43,3,174.39,0,4,No Churn,0.0
TKT-0472,CUST-0227,Retail,Asia-Pacific,Enterprise,v2.5,Billing,2023-11-28,Successfully Resolved,1.8,68.2,0,2.9,7,Passive,0,1,1,38,4,699.67,1,67,61-90 Days,8396.04
TKT-0473,CUST-0110,SaaS,Middle East,Pro,v1.5,Billing,2023-04-29,Successfully Resolved,2.2,63.0,1,3.2,10,Promoter,1,0,0,45,3,182.79,1,1,0-30 Days,2193.48
TKT-0474,CUST-0262,Retail,Europe,Basic,v2.0,Feature Request,2024-02-18,Successfully Resolved,7.5,72.4,1,4.2,7,Passive,1,0,0,51,2,49.97,0,4,No Churn,0.0
TKT-0475,CUST-0243,E-Commerce,North America,Basic,v1.5,Performance,2024-06-10,Successfully Resolved,6.4,64.1,0,4.2,2,Detractor,3,2,1,42,3,55.11,0,17,No Churn,0.0
TKT-0476,CUST-0087,Retail,Asia-Pacific,Basic,v2.5,Technical,2023-01-02,Successfully Resolved,10.3,64.9,1,4.9,8,Passive,0,0,0,24,5,49.98,0,81,No Churn,0.0
TKT-0477,CUST-0044,SaaS,Asia-Pacific,Pro,v1.5,Billing,2024-11-04,Successfully Resolved,11.0,81.6,1,3.7,7,Passive,0,1,0,51,2,192.52,0,90,No Churn,0.0
TKT-0478,CUST-0146,Healthcare,Asia-Pacific,Basic,v2.0,Onboarding,2024-07-09,Successfully Resolved,1.1,77.3,1,3.9,7,Passive,1,0,0,30,5,43.06,0,90,No Churn,0.0
TKT-0479,CUST-0264,Retail,Asia-Pacific,Pro,v2.5,Technical,2024-04-18,Successfully Resolved,7.3,83.8,0,2.8,2,Detractor,2,3,1,37,5,207.48,0,8,No Churn,0.0
TKT-0480,CUST-0172,E-Commerce,Europe,Pro,v2.5,Technical,2024-02-28,Successfully Resolved,10.7,58.2,0,2.0,5,Detractor,2,3,1,57,4,188.04,1,10,0-30 Days,2256.48
TKT-0481,CUST-0048,Healthcare,Asia-Pacific,Basic,v1.5,Onboarding,2023-02-25,Successfully Resolved,3.8,78.1,1,3.0,8,Passive,0,0,0,59,7,52.2,1,83,61-90 Days,626.4
TKT-0482,CUST-0121,Healthcare,North America,Enterprise,v2.5,Feature Request,2023-07-12,Successfully Resolved,4.9,99.0,0,2.9,6,Detractor,1,1,1,53,5,952.42,1,12,0-30 Days,11429.04
TKT-0483,CUST-0159,E-Commerce,Europe,Basic,v2.0,Billing,2024-06-14,Successfully Resolved,4.4,73.5,1,5.0,7,Passive,0,1,0,39,3,43.56,0,88,No Churn,0.0
TKT-0484,CUST-0116,Healthcare,North America,Basic,v2.0,Billing,2024-01-06,Successfully Resolved,4.5,87.9,0,3.1,3,Detractor,1,1,1,11,5,45.29,1,26,0-30 Days,543.48
TKT-0485,CUST-0102,Healthcare,North America,Pro,v1.0,Performance,2024-09-29,Successfully Resolved,8.9,87.8,1,4.9,7,Passive,0,1,0,14,2,202.1,0,14,No Churn,0.0
TKT-0486,CUST-0076,Retail,North America,Pro,v1.0,Technical,2024-05-25,Successfully Resolved,15.3,88.4,1,4.7,9,Promoter,1,0,1,23,1,236.61,0,90,No Churn,0.0
TKT-0487,CUST-0013,SaaS,North America,Pro,v2.0,Billing,2024-10-02,Successfully Resolved,12.5,80.0,0,2.4,7,Passive,1,2,0,53,1,222.91,1,3,0-30 Days,2674.92
TKT-0488,CUST-0024,SaaS,Asia-Pacific,Pro,v2.0,Billing,2024-03-28,Successfully Resolved,3.3,84.8,1,3.6,10,Promoter,0,1,0,16,4,231.71,0,90,No Churn,0.0
TKT-0489,CUST-0126,Retail,North America,Basic,v2.0,Billing,2023-02-22,Successfully Resolved,6.1,86.4,1,3.7,9,Promoter,1,2,0,50,4,47.37,1,9,0-30 Days,568.44
TKT-0490,CUST-0244,Retail,Europe,Enterprise,v2.0,Technical,2023-07-28,Successfully Resolved,2.5,85.6,1,3.1,7,Passive,2,0,0,21,5,956.57,1,14,0-30 Days,11478.84
TKT-0491,CUST-0038,E-Commerce,North America,Enterprise,v2.5,Integration,2023-10-01,Successfully Resolved,2.8,64.6,0,3.2,5,Detractor,2,4,1,55,2,707.91,1,64,61-90 Days,8494.92
TKT-0492,CUST-0234,Healthcare,North America,Pro,v1.5,Technical,2024-07-16,Successfully Resolved,4.7,57.5,1,2.4,8,Passive,0,0,0,55,2,172.84,0,86,No Churn,0.0
TKT-0493,CUST-0213,SaaS,North America,Basic,v2.0,Technical,2023-05-15,Successfully Resolved,2.7,59.4,1,4.5,7,Passive,0,0,0,4,3,56.32,0,11,No Churn,0.0
TKT-0494,CUST-0295,SaaS,North America,Pro,v1.0,Feature Request,2023-10-22,Successfully Resolved,3.1,74.8,1,4.1,9,Promoter,2,0,1,33,3,233.73,1,3,0-30 Days,2804.76
TKT-0495,CUST-0100,E-Commerce,Europe,Pro,v2.5,Onboarding,2024-03-24,Successfully Resolved,6.0,85.1,1,4.4,5,Detractor,0,0,0,54,3,175.46,0,90,No Churn,0.0
TKT-0496,CUST-0197,E-Commerce,Asia-Pacific,Basic,v2.0,Integration,2024-12-16,Successfully Resolved,7.2,64.7,1,4.7,5,Detractor,0,0,0,47,0,43.6,0,1,No Churn,0.0
TKT-0497,CUST-0254,Healthcare,Europe,Enterprise,v2.5,Integration,2024-05-11,Successfully Resolved,7.1,89.1,0,2.6,2,Detractor,1,3,1,14,3,688.43,1,90,61-90 Days,8261.16
TKT-0498,CUST-0205,SaaS,Europe,Basic,v1.0,Billing,2023-05-05,Successfully Resolved,7.1,72.0,0,3.2,3,Detractor,1,1,0,19,3,43.44,1,18,0-30 Days,521.28
TKT-0499,CUST-0125,Retail,North America,Enterprise,v1.0,Integration,2023-01-30,Successfully Resolved,1.6,72.1,1,4.5,10,Promoter,0,0,0,59,1,737.71,0,90,No Churn,0.0
TKT-0500,CUST-0076,Retail,Middle East,Pro,v1.5,Technical,2024-10-07,Successfully Resolved,2.6,68.0,1,3.6,5,Detractor,0,1,0,5,1,236.72,0,44,No Churn,0.0
